person,start,end,lastmod
Q1040279,1937-06-08,1937-06-24,2023-02-18T21:50:13Z
Q104369381,2020-12-15,2021-02-15,2023-02-21T21:06:38Z
Q108894465,2021-09-28,2022-02-02,2023-02-20T15:32:07Z
Q11292846,1815-09-21,1822-03-24,2022-10-07T14:32:48Z
Q11307445,1815-09-21,1825-02-17,2022-05-12T01:41:39Z
Q1174716,1839-10-22,1848-10-02,2023-02-08T08:14:40Z
Q11816036,1929-09-17,1937-06-08,2023-02-19T00:35:21Z
Q12013207,1971-05-11,1977-09-20,2023-02-19T05:16:32Z
Q12013388,2007-06-12,2013-05-14,2022-11-30T20:36:44Z
Q12013494,2007-06-12,2014-07-02,2023-02-19T05:16:52Z
Q12500218,1945-11-20,1946-07-23,2023-01-02T21:27:13Z
Q13135866,1815-09-26,1836-04-04,2022-09-11T11:00:42Z
Q13135962,1916-09-19,1922-01-05,2023-02-03T17:31:44Z
Q13136434,1922-01-31,1922-07-24,2023-02-03T17:32:46Z
Q13137052,1962-01-23,1975-09-01,2023-02-19T05:25:13Z
Q13137458,1937-06-08,1946-07-24,2023-02-03T17:32:49Z
Q13137470,1937-06-08,1946-07-23,2022-10-09T06:29:28Z
Q13137685,1928-06-12,1965-02-09,2023-02-19T05:25:33Z
Q13138352,1850-10-07,1865-09-18,2022-10-07T05:31:51Z
Q13428403,1977-09-20,1995-06-13,2023-02-03T17:33:39Z
Q13428921,1878-09-17,1884-10-11,2022-10-07T09:21:25Z
Q13428921,1884-11-17,1887-08-17,2022-10-07T09:21:25Z
Q13428921,1887-09-19,1888-03-27,2022-10-07T09:21:25Z
Q13428921,1888-05-01,1895-10-24,2022-10-07T09:21:25Z
Q13428938,1935-09-18,1946-07-23,2023-02-03T17:33:40Z
Q13435474,1982-09-21,1987-06-23,2023-02-19T05:27:13Z
Q13487753,2013-06-18,2015-06-09,2023-02-19T05:27:43Z
Q13495690,1905-12-06,1906-11-01,2023-02-03T17:32:37Z
Q13495690,1906-12-05,1914-07-24,2023-02-03T17:32:37Z
Q13497607,1875-09-21,1882-12-06,2022-05-06T08:48:06Z
Q13567236,1850-10-07,1856-03-26,2022-05-06T09:03:31Z
Q13573733,1971-05-11,1977-09-20,2023-02-19T05:29:03Z
Q13576313,1991-06-11,1999-06-08,2023-02-19T05:29:13Z
Q1358714,1995-06-13,2000-11-01,2023-02-20T11:48:21Z
Q13637589,2007-06-12,2019-06-11,2023-02-20T16:37:42Z
Q13641749,2019-06-11,2021-01-15,2023-02-20T16:38:24Z
Q13641835,1895-11-28,1903-06-17,2022-07-28T19:19:58Z
Q13648923,1973-09-25,1981-06-10,2023-02-19T05:30:23Z
Q13653571,2004-09-28,2015-06-09,2023-02-19T05:30:33Z
Q13724705,2015-06-09,2019-03-01,2022-12-01T07:43:57Z
Q13725157,1937-06-08,1940-05-10,2023-02-24T00:28:05Z
Q13726662,1954-11-23,1957-05-16,2023-02-26T06:43:30Z
Q13737786,1844-06-20,1849-02-13,2022-10-06T19:45:18Z
Q13771642,1925-09-16,1937-06-08,2023-02-03T17:33:50Z
Q13776902,1922-07-25,1928-05-02,2023-02-03T17:33:51Z
Q13815606,2011-06-07,2015-06-09,2023-02-19T05:31:53Z
Q13815743,1853-06-15,1859-09-19,2022-10-05T09:59:16Z
Q13875096,1853-12-02,1871-09-18,2022-10-15T04:05:06Z
Q13895784,1993-09-07,2007-06-12,2023-02-19T05:32:13Z
Q1390646,1815-09-21,1830-10-18,2022-12-21T06:50:56Z
Q1397450,1999-06-08,2003-06-10,2023-02-02T17:46:12Z
Q1404648,1911-09-19,1921-07-29,2023-02-18T22:23:35Z
Q14255141,1951-09-18,1963-06-05,2023-01-02T10:29:13Z
Q14292566,1977-09-20,1982-01-16,2023-02-19T05:34:43Z
Q14517527,1904-09-20,1916-11-06,2023-02-03T17:34:42Z
Q14517527,1904-09-21,1916-11-06,2023-02-03T17:34:42Z
Q14519531,1948-08-25,1956-11-06,2022-07-23T10:39:50Z
Q14519538,1825-10-18,1838-08-13,2023-02-19T05:36:13Z
Q14520235,2011-06-07,2017-10-25,2023-02-21T22:17:40Z
Q1452565,2003-06-10,2015-06-09,2023-02-18T22:27:25Z
Q14630631,1922-09-19,1923-09-18,2023-02-27T10:41:57Z
Q14632486,1916-12-13,1919-09-16,2023-02-03T17:37:55Z
Q14632486,1922-07-25,1934-02-07,2023-02-03T17:37:55Z
Q14633019,1980-09-16,1981-06-10,2023-02-19T05:37:43Z
Q1465250,1999-06-08,2003-06-10,2023-02-18T22:28:55Z
Q14752360,1960-09-20,1967-02-10,2022-05-07T00:08:13Z
Q14851879,1824-10-19,1830-10-18,2022-10-15T04:12:35Z
Q14851959,1831-10-18,1845-01-06,2023-02-03T17:35:41Z
Q14856982,1845-11-04,1849-02-13,2022-10-08T06:05:49Z
Q14856987,1815-09-21,1830-02-05,2022-10-15T04:12:38Z
Q1488358,2003-06-10,2013-02-05,2023-02-18T22:30:05Z
Q14906465,1894-06-05,1904-01-01,2022-05-06T13:44:21Z
Q14906465,1894-06-05,1904-07-23,2022-05-06T13:44:21Z
Q14906465,1894-07-05,1904-01-01,2022-05-06T13:44:21Z
Q14906465,1894-07-05,1904-07-23,2022-05-06T13:44:21Z
Q1494960,1977-09-20,1980-05-16,2023-02-18T22:30:55Z
Q1496632,1827-05-07,1836-12-19,2022-09-11T06:14:03Z
Q15409974,1991-11-05,1995-06-13,2023-02-19T05:42:23Z
Q1541357,1901-05-01,1904-07-23,2022-05-06T10:29:15Z
Q1541357,1901-06-18,1904-07-23,2022-05-06T10:29:15Z
Q15429477,1999-06-08,2000-07-15,2023-02-19T03:10:56Z
Q15555019,1972-05-16,1977-09-20,2023-02-19T05:43:13Z
Q15733509,1966-02-08,1967-03-02,2022-04-11T13:33:25Z
Q15733509,1969-12-09,1987-06-23,2022-04-11T13:33:25Z
Q15869374,1856-10-30,1862-09-15,2023-02-03T17:39:02Z
Q15872701,1848-10-09,1850-08-20,2022-11-25T16:25:17Z
Q15876808,1821-07-03,1848-05-23,2022-10-15T05:00:16Z
Q15876863,1850-10-07,1864-06-18,2022-11-25T16:25:12Z
Q15876882,1840-10-20,1841-12-04,2022-11-25T16:24:11Z
Q15877024,1922-07-25,1935-09-17,2023-02-03T17:39:51Z
Q15877761,1956-11-06,1960-09-20,2023-02-19T05:49:24Z
Q15879185,1946-07-23,1969-09-16,2022-11-25T12:52:14Z
Q15879217,1919-09-17,1937-06-08,2022-04-05T10:56:23Z
Q15880659,1904-09-20,1910-09-20,2022-05-06T08:53:06Z
Q15880659,1904-09-21,1910-09-20,2022-05-06T08:53:06Z
Q15882930,1835-10-20,1844-02-20,2022-11-25T12:52:11Z
Q15882937,1956-11-06,1963-06-05,2023-02-03T17:41:06Z
Q15884002,1888-05-01,1902-12-23,2023-02-03T17:43:04Z
Q15884002,1888-05-02,1902-12-23,2023-02-03T17:43:04Z
Q15885399,1831-12-27,1833-06-17,2022-09-11T23:04:37Z
Q15906824,1843-02-01,1844-03-26,2022-10-15T04:57:28Z
Q15943571,1815-10-17,1840-12-13,2023-02-24T00:33:14Z
Q16011468,1822-10-31,1830-10-20,2022-10-15T06:00:09Z
Q16070256,1862-09-16,1864-02-14,2022-10-15T06:05:10Z
Q16186651,1816-02-08,1830-10-18,2023-01-29T19:35:51Z
Q1656969,1974-09-17,1979-09-17,2023-01-06T23:40:32Z
Q1675801,1960-09-20,1965-04-14,2023-02-18T22:43:46Z
Q1677559,1999-06-08,2004-09-07,2023-02-18T22:44:36Z
Q1681931,1870-12-22,1872-02-17,2022-11-11T03:29:23Z
Q1682076,1977-09-20,1983-09-13,2023-02-20T17:24:13Z
Q1682076,2011-06-07,2019-06-11,2023-02-20T17:24:13Z
Q1682178,1922-07-25,1926-03-08,2023-01-24T21:22:38Z
Q1690781,1887-05-23,1887-08-17,2022-05-08T13:22:05Z
Q1690781,1887-09-19,1888-03-27,2022-05-08T13:22:05Z
Q1690781,1898-03-28,1901-08-18,2022-05-08T13:22:05Z
Q1690781,1910-01-31,1912-02-02,2022-05-08T13:22:05Z
Q1692109,1958-12-23,1963-06-05,2023-02-20T17:30:13Z
Q1692109,1971-06-08,1973-09-01,2023-02-20T17:30:13Z
Q17106398,2016-10-04,2019-06-11,2023-02-20T17:33:28Z
Q17308801,1911-05-16,1923-03-09,2022-10-12T15:30:26Z
Q17351500,1963-06-05,1969-09-16,2023-02-25T20:10:18Z
Q17427994,2014-07-08,2017-03-23,2022-11-30T21:38:18Z
Q17561020,1908-03-27,1932-06-22,2023-02-03T18:27:09Z
Q18002703,1988-11-22,1995-01-01,2022-07-31T08:46:31Z
Q1807307,1974-09-17,1987-06-23,2022-09-25T01:27:30Z
Q18093577,1969-09-16,1971-05-10,2023-02-19T06:22:45Z
Q1812176,1904-09-20,1905-08-30,2023-02-02T17:56:38Z
Q1814715,1977-09-20,1991-02-01,2023-02-18T22:58:16Z
Q1819131,1849-02-13,1850-08-20,2022-09-28T22:50:10Z
Q1820715,1816-02-08,1830-01-02,2022-12-26T13:17:06Z
Q1820840,2007-06-12,2007-09-25,2023-02-18T22:59:06Z
Q1820840,2007-06-12,2011-06-07,2023-02-18T22:59:06Z
Q1820840,2007-09-25,2011-06-07,2023-02-18T22:59:06Z
Q18226118,2018-02-13,2019-06-11,2023-01-30T15:40:09Z
Q1826012,1849-02-13,1850-08-20,2023-02-02T17:55:21Z
Q1827647,2003-06-10,2005-04-18,2023-02-18T23:00:47Z
Q1833663,1981-06-10,1986-06-03,2022-07-28T17:51:31Z
Q1836843,1888-05-01,1904-07-23,2022-05-06T10:25:06Z
Q1836843,1888-05-02,1904-07-23,2022-05-06T10:25:06Z
Q1839359,1830-10-18,1836-10-17,2022-09-16T18:16:57Z
Q1839359,1830-10-18,1849-02-13,2022-09-16T18:16:57Z
Q1839359,1844-02-29,1836-10-17,2022-09-16T18:16:57Z
Q1839359,1844-02-29,1849-02-13,2022-09-16T18:16:57Z
Q1839798,1913-04-22,1946-07-23,2022-05-08T13:24:16Z
Q1845502,2003-06-10,2011-06-07,2023-02-18T23:02:07Z
Q1848558,1913-11-25,1916-09-19,2022-07-27T23:04:44Z
Q1848558,1920-07-29,1932-09-20,2022-07-27T23:04:44Z
Q1849002,1918-02-19,1919-06-20,2022-10-07T09:54:02Z
Q1852035,1976-06-15,1977-09-20,2022-05-13T13:51:58Z
Q1853217,1969-09-16,1977-09-20,2023-02-25T11:05:39Z
Q1858650,1849-01-01,1859-01-01,2023-01-05T23:53:41Z
Q1861457,1976-11-23,1980-09-16,2023-02-18T23:03:17Z
Q18655447,1849-02-13,1850-08-20,2023-01-14T15:22:44Z
Q18655447,1850-10-07,1853-09-19,2023-01-14T15:22:44Z
Q18655447,1854-04-05,1873-09-15,2023-01-14T15:22:44Z
Q1866116,1969-09-16,1971-05-10,2023-02-18T23:03:37Z
Q1868826,1977-09-20,1992-04-01,2023-02-14T01:52:38Z
Q1871263,1946-07-23,1960-09-20,2023-02-18T23:04:17Z
Q1872862,1923-09-18,1938-05-31,2023-01-31T23:05:57Z
Q18822035,1923-09-18,1925-08-31,2023-02-03T18:43:26Z
Q1882632,1815-09-21,1821-10-21,2023-02-02T17:57:40Z
Q1882752,1867-09-18,1895-06-04,2023-01-11T10:22:18Z
Q1884917,1935-12-18,1940-05-13,2022-07-26T20:40:42Z
Q1885329,1849-02-13,1850-08-20,2022-11-25T15:46:09Z
Q1887904,1818-12-21,1824-07-20,2023-02-23T10:36:14Z
Q1888770,2003-06-10,2003-09-08,2023-02-18T23:05:27Z
Q1888989,1913-11-25,1922-07-24,2022-05-08T13:26:00Z
Q1889236,2007-06-12,2015-06-09,2023-02-26T04:18:03Z
Q1891654,1902-09-16,1904-07-23,2022-06-04T18:40:21Z
Q1891654,1904-09-20,1910-03-10,2022-06-04T18:40:21Z
Q1894979,1815-09-21,1826-01-17,2022-09-17T09:47:19Z
Q1896159,1853-09-19,1862-09-15,2022-06-04T20:39:28Z
Q1899136,1987-06-23,1995-06-13,2023-02-18T23:06:57Z
Q1901228,1862-09-15,1865-04-04,2022-09-28T22:49:21Z
Q1902438,1890-12-22,1892-05-15,2022-11-25T15:49:12Z
Q1902653,2003-06-10,2007-06-12,2023-02-26T18:00:17Z
Q1902844,1971-08-24,1977-09-20,2022-12-26T21:08:36Z
Q1907222,1815-09-21,1830-01-30,2022-05-06T07:34:30Z
Q1910180,1848-01-01,1850-01-01,2022-11-25T15:50:08Z
Q1910180,1848-01-01,1850-08-20,2022-11-25T15:50:08Z
Q1910180,1848-09-10,1850-01-01,2022-11-25T15:50:08Z
Q1910180,1848-09-10,1850-08-20,2022-11-25T15:50:08Z
Q1915480,1903-07-20,1904-07-23,2022-07-28T12:53:27Z
Q1915480,1904-12-06,1910-09-20,2022-07-28T12:53:27Z
Q1915480,1916-09-19,1917-06-27,2022-07-28T12:53:27Z
Q1915480,1917-07-17,1920-06-29,2022-07-28T12:53:27Z
Q1916958,2015-06-09,2016-12-01,2022-11-30T23:21:47Z
Q1918174,1966-09-20,1971-05-10,2022-11-30T20:49:47Z
Q1919932,1956-11-06,1959-09-23,2023-02-23T22:19:55Z
Q1925167,2007-06-12,2019-06-11,2023-02-18T23:10:17Z
Q1925360,1904-09-20,1907-05-27,2022-11-25T15:51:24Z
Q1925360,1904-09-21,1907-05-27,2022-11-25T15:51:24Z
Q1931727,1995-06-13,2007-06-12,2023-02-18T23:11:07Z
Q1944000,1995-06-13,1999-06-08,2023-02-18T19:03:04Z
Q194654,1945-11-20,1948-08-07,2023-02-18T19:23:46Z
Q1948092,2007-06-12,2011-06-07,2023-02-18T23:12:27Z
Q1949253,2010-06-22,2011-06-07,2022-10-09T11:36:20Z
Q1949632,1986-06-03,1987-06-23,2023-01-06T23:33:29Z
Q1950583,1987-06-23,1997-03-11,2023-02-18T23:12:37Z
Q1950893,1848-10-09,1849-02-13,2022-11-25T15:52:20Z
Q1955794,1932-09-21,1935-02-27,2022-09-10T22:39:14Z
Q1955807,1850-10-07,1855-04-12,2022-11-25T15:54:24Z
Q1956990,1963-06-05,1966-09-20,2023-02-18T23:13:07Z
Q1957483,2007-06-12,2013-01-15,2023-02-18T23:13:17Z
Q19578084,1850-10-07,1853-09-19,2022-09-16T19:28:18Z
Q19578084,1853-12-02,1856-10-04,2022-09-16T19:28:18Z
Q19578084,1856-12-13,1866-07-08,2022-09-16T19:28:18Z
Q19578086,1914-10-13,1923-09-18,2023-01-09T21:26:39Z
Q19578112,1965-09-21,1966-09-20,2022-10-07T14:54:30Z
Q1958204,1991-06-11,1995-06-13,2022-06-04T19:10:57Z
Q1959928,1974-09-17,1981-06-10,2023-01-09T08:22:27Z
Q1960412,1945-11-20,1946-07-23,2022-12-01T20:45:14Z
Q1960412,1948-08-25,1963-06-05,2022-12-01T20:45:14Z
Q1960981,1979-09-18,1983-09-13,2022-05-05T18:55:40Z
Q1961297,1937-12-14,1945-09-14,2022-09-16T22:34:36Z
Q1962101,1856-10-30,1871-09-18,2023-01-15T22:16:22Z
Q1966318,1983-09-13,1986-06-03,2023-02-24T02:03:13Z
Q1966582,2007-06-12,2015-11-03,2023-02-18T23:14:27Z
Q1967000,1959-03-03,1971-05-10,2022-05-08T13:28:55Z
Q1967000,1971-10-26,1977-09-20,2022-05-08T13:28:55Z
Q1968510,1971-05-25,1981-06-10,2022-02-09T21:30:43Z
Q1971006,1815-09-21,1823-12-07,2022-10-06T19:42:16Z
Q1976156,1902-04-28,1904-07-23,2022-05-04T20:59:41Z
Q1976156,1904-09-20,1908-02-12,2022-05-04T20:59:41Z
Q1979107,1815-09-21,1830-10-18,2022-08-28T20:18:37Z
Q1980184,1971-05-25,1972-12-07,2023-02-18T23:15:57Z
Q19801929,1900-02-01,1904-07-23,2022-07-28T16:24:36Z
Q19801934,1952-07-15,1963-06-05,2022-10-14T16:56:27Z
Q19801938,1953-03-03,1954-06-15,2022-07-26T15:41:30Z
Q19801946,1952-07-15,1969-09-16,2022-10-01T13:28:18Z
Q19801946,1969-10-17,1979-01-01,2022-10-01T13:28:18Z
Q19801955,2015-06-09,2017-03-22,2023-02-19T07:30:59Z
Q19801955,2015-06-09,2017-03-23,2023-02-19T07:30:59Z
Q19801961,1991-06-11,1999-06-08,2023-02-19T07:31:09Z
Q19801965,1995-06-13,2003-06-10,2023-02-19T07:31:19Z
Q19801970,1935-03-14,1959-02-28,2022-09-16T22:29:22Z
Q19801972,1969-09-16,1970-01-02,2023-02-26T07:13:56Z
Q19801979,1871-03-27,1876-05-23,2022-09-10T22:47:11Z
Q19801979,1877-09-17,1884-10-11,2022-09-10T22:47:11Z
Q19801979,1884-11-17,1887-08-17,2022-09-10T22:47:11Z
Q19801979,1887-09-19,1888-03-27,2022-09-10T22:47:11Z
Q19801979,1888-05-01,1896-09-15,2022-09-10T22:47:11Z
Q19801981,1888-05-01,1904-07-23,2022-07-29T06:19:46Z
Q19801981,1904-09-20,1907-02-19,2022-07-29T06:19:46Z
Q19801988,2018-10-02,2019-06-11,2023-02-25T05:59:22Z
Q19801991,1971-05-11,1977-09-20,2023-02-19T07:31:49Z
Q19801992,1946-07-23,1969-09-16,2022-11-25T12:53:04Z
Q19801994,1937-06-08,1956-07-03,2022-12-05T07:02:19Z
Q19801995,1859-09-20,1875-11-09,2022-10-07T17:45:40Z
Q19802019,2015-06-09,2021-03-01,2023-02-19T07:31:59Z
Q19802020,1980-09-16,1991-06-11,2022-10-09T05:44:51Z
Q19802032,1952-10-21,1955-09-20,2022-07-13T15:07:34Z
Q19802042,1981-11-10,1983-09-13,2022-06-28T13:02:51Z
Q19802042,1987-01-27,1995-06-13,2022-06-28T13:02:51Z
Q19802044,2015-06-09,2019-06-11,2023-02-20T18:05:38Z
Q19802045,1977-09-20,1981-06-10,2023-02-19T07:32:09Z
Q19802057,1923-04-13,1923-09-18,2022-10-14T16:56:49Z
Q19802057,1925-01-20,1932-09-20,2022-10-14T16:56:49Z
Q19802057,1932-11-02,1946-07-23,2022-10-14T16:56:49Z
Q19802068,1980-09-16,1983-09-13,2023-02-19T07:32:19Z
Q19802079,1923-09-18,1925-02-20,2022-09-11T15:14:55Z
Q19802086,1922-07-25,1929-09-17,2022-10-14T16:56:50Z
Q19830665,1841-11-11,1849-02-13,2022-09-28T22:51:39Z
Q1988480,1838-10-16,1849-02-13,2022-09-16T19:26:15Z
Q1988929,1981-11-10,1982-08-15,2023-02-18T23:17:27Z
Q19898915,1895-07-11,1899-09-28,2022-09-12T14:57:52Z
Q1992436,2013-01-15,2014-07-17,2022-12-20T05:27:31Z
Q1994667,1999-06-08,2007-06-12,2023-02-26T11:59:43Z
Q1995855,2011-06-07,2015-06-09,2023-02-25T11:27:20Z
Q1996478,2007-06-12,2009-09-14,2023-02-26T18:00:02Z
Q19986193,2015-06-09,2017-03-22,2023-02-19T07:38:59Z
Q19986193,2015-06-09,2017-03-23,2023-02-19T07:38:59Z
Q19988346,2015-06-09,2018-10-10,2023-01-04T15:24:27Z
Q19988346,2019-03-12,2021-03-31,2023-01-04T15:24:27Z
Q2001632,1815-09-21,1830-10-20,2022-11-25T15:57:33Z
Q20017662,1914-11-18,1923-09-18,2022-09-22T21:58:57Z
Q20017666,1962-05-02,1963-06-05,2022-10-14T16:22:03Z
Q20017672,1976-11-23,1981-06-10,2023-02-19T07:39:59Z
Q20017675,1857-08-04,1858-04-07,2022-09-11T23:56:51Z
Q20017675,1874-09-21,1883-09-17,2022-09-11T23:56:51Z
Q20017690,1957-02-05,1963-06-05,2022-07-12T16:18:27Z
Q20017694,1864-09-20,1881-05-10,2022-09-15T11:02:02Z
Q20017699,1902-06-30,1903-11-10,2022-07-28T16:26:37Z
Q20017699,1903-11-23,1904-04-23,2022-07-28T16:26:37Z
Q20017699,1904-09-20,1911-07-02,2022-07-28T16:26:37Z
Q20017709,1929-09-17,1931-07-12,2022-09-11T23:58:12Z
Q20017712,1947-06-04,1948-07-27,2023-02-19T07:40:19Z
Q20017714,1956-11-06,1963-06-05,2022-10-07T10:06:41Z
Q20017715,1987-06-23,1991-06-11,2022-10-14T16:22:08Z
Q20017721,1963-06-05,1969-09-16,2022-11-25T16:37:09Z
Q20017725,1848-08-25,1849-02-13,2022-08-14T10:44:08Z
Q20017729,1995-06-13,1999-06-08,2022-12-01T19:29:47Z
Q20017729,1999-10-05,2003-06-10,2022-12-01T19:29:47Z
Q20017736,1979-02-13,1983-09-13,2023-02-19T07:40:29Z
Q2003427,2011-06-07,2014-07-01,2023-01-03T15:04:48Z
Q2004957,1920-03-23,1937-06-08,2023-02-18T23:45:09Z
Q2008676,1969-09-16,1993-06-18,2022-09-19T06:57:04Z
Q2008906,1991-06-11,2000-04-05,2023-02-18T23:46:09Z
Q2009400,1933-07-18,1937-06-08,2023-02-18T23:46:19Z
Q20100030,2015-06-09,2021-03-31,2023-02-20T18:09:55Z
Q2011173,1977-09-20,1982-09-16,2023-01-03T15:06:04Z
Q20113636,2015-06-09,2019-06-11,2023-02-20T18:09:32Z
Q20113669,2015-06-09,2019-06-11,2023-02-19T07:42:19Z
Q20113681,1902-04-28,1904-07-23,2022-09-25T01:28:40Z
Q20113694,2015-06-09,2019-06-11,2023-02-19T07:42:29Z
Q20113700,2015-06-09,2019-02-01,2023-02-19T07:42:49Z
Q20118177,1849-02-13,1850-08-20,2022-09-11T18:45:58Z
Q20118177,1850-10-07,1859-09-19,2022-09-11T18:45:58Z
Q2011906,1859-09-19,1877-09-17,2022-10-14T14:19:37Z
Q2012408,1981-06-10,1995-06-13,2022-11-25T12:42:37Z
Q2012416,1828-03-20,1831-10-25,2022-06-21T23:48:53Z
Q2013292,1955-09-20,1969-09-16,2023-02-18T23:46:59Z
Q2014427,1884-11-17,1887-08-17,2022-09-11T11:00:34Z
Q2019259,1884-12-29,1909-01-01,2022-10-10T08:10:34Z
Q2020062,1960-11-08,1981-06-10,2023-02-02T17:59:23Z
Q20203397,1987-06-23,1990-01-24,2023-02-03T19:04:26Z
Q2021922,1909-12-27,1913-09-09,2022-09-17T09:28:27Z
Q20239538,1946-07-23,1956-11-06,2023-01-04T19:20:00Z
Q2032165,1963-06-05,1965-06-29,2023-02-18T23:47:39Z
Q20354933,1968-05-14,1969-09-16,2023-02-19T07:50:40Z
Q2038480,2003-06-10,2007-06-12,2023-02-18T23:48:29Z
Q2042449,1977-09-20,1981-06-10,2023-02-18T23:48:59Z
Q2047324,1894-01-29,1902-09-17,2023-01-29T12:18:37Z
Q2047567,1847-10-19,1849-02-13,2023-01-29T09:05:37Z
Q2048455,1848-08-25,1848-12-19,2022-10-04T23:25:14Z
Q2048725,1958-07-01,1971-05-10,2022-07-26T21:09:14Z
Q2049705,1923-09-18,1941-04-16,2023-02-18T23:49:39Z
Q2052930,1969-09-23,1971-05-10,2022-05-08T13:32:02Z
Q2052930,1974-09-17,1976-11-01,2022-05-08T13:32:02Z
Q2053506,1946-07-23,1969-09-16,2023-02-25T11:50:41Z
Q2058117,1952-07-15,1971-05-10,2023-02-18T23:50:19Z
Q2058418,1849-02-13,1850-08-20,2023-01-29T19:26:21Z
Q2058418,1850-10-07,1871-08-01,2023-01-29T19:26:21Z
Q2059119,1828-10-21,1830-10-18,2022-09-11T18:50:45Z
Q2060112,1904-09-20,1910-09-20,2023-02-02T17:58:28Z
Q2060112,1904-09-21,1910-09-20,2023-02-02T17:58:28Z
Q2061839,1983-09-13,1995-06-13,2023-02-18T23:50:49Z
Q2063173,1981-06-10,1991-06-11,2023-02-02T17:58:20Z
Q20667907,1817-10-30,1830-10-20,2022-05-05T16:31:43Z
Q2070384,1897-04-05,1899-11-08,2022-09-10T23:25:08Z
Q2071314,1981-06-10,1986-07-14,2023-02-18T23:51:29Z
Q2071350,1914-05-12,1919-09-16,2023-02-02T18:00:51Z
Q2071906,1986-06-03,1995-06-13,2023-02-18T23:51:49Z
Q20734803,1901-04-22,1901-05-20,2022-09-22T17:50:39Z
Q20734804,1856-09-16,1863-09-23,2022-08-14T08:28:07Z
Q20734805,1945-11-20,1946-06-04,2022-09-25T01:25:51Z
Q20734808,1975-03-25,1977-09-20,2022-07-13T15:04:42Z
Q20734809,1965-06-29,1969-09-16,2022-05-05T16:21:21Z
Q20734810,1899-12-06,1904-07-22,2022-08-02T13:35:55Z
Q20734810,1904-09-20,1922-01-30,2022-08-02T13:35:55Z
Q20734811,1966-09-20,1971-05-10,2022-07-13T18:35:50Z
Q20734813,1977-09-20,1981-06-10,2023-02-19T07:56:10Z
Q20734814,1971-05-11,1983-09-13,2023-02-19T07:56:20Z
Q20734815,1991-06-11,1999-06-08,2023-02-19T07:56:30Z
Q20734816,1979-09-18,1980-09-15,2023-02-14T04:58:45Z
Q20734817,1995-03-07,1995-06-13,2023-02-19T07:56:40Z
Q20734818,1971-05-11,1974-09-17,2023-02-19T07:56:50Z
Q20734819,1849-02-13,1850-08-20,2022-07-29T13:27:28Z
Q20734820,1970-08-25,1971-05-10,2023-02-19T00:54:42Z
Q20734821,1971-05-11,1977-09-20,2023-02-19T07:57:00Z
Q20734822,1971-05-11,1981-06-10,2023-02-19T07:57:10Z
Q20734823,1971-05-11,1977-09-20,2023-02-19T07:57:20Z
Q20734824,1887-10-31,1888-03-27,2022-08-11T06:53:14Z
Q20734824,1888-05-01,1891-12-17,2022-08-11T06:53:14Z
Q20734825,1963-06-05,1969-09-16,2022-09-24T18:09:53Z
Q20734826,1850-10-09,1880-02-11,2022-08-12T19:27:24Z
Q20734827,1819-05-04,1830-10-20,2022-09-11T15:07:58Z
Q20734828,1826-10-17,1830-10-18,2022-10-14T22:49:02Z
Q20734829,1816-02-08,1821-05-24,2022-10-14T22:49:02Z
Q20734830,1937-06-08,1945-08-13,2022-11-25T16:43:11Z
Q20734832,1977-09-20,1980-09-16,2023-02-19T07:57:30Z
Q20734834,1913-09-16,1922-07-24,2023-02-03T19:32:48Z
Q20734836,1983-09-13,1995-06-13,2023-02-24T03:31:49Z
Q20734837,1999-06-08,2003-06-10,2023-02-19T07:48:50Z
Q20734838,1873-11-18,1882-09-30,2023-02-03T19:32:47Z
Q20734839,1980-09-16,1991-06-11,2023-02-19T06:37:16Z
Q20734840,1826-03-13,1834-12-31,2023-01-29T12:29:55Z
Q20734843,1815-10-24,1838-01-30,2022-09-11T02:52:05Z
Q20734844,1908-05-19,1929-05-02,2023-02-24T23:53:49Z
Q20734845,1889-10-21,1899-04-29,2022-10-14T22:54:12Z
Q20734846,1963-06-05,1977-09-20,2023-02-19T07:57:40Z
Q20734847,1871-09-18,1883-12-31,2022-10-14T22:54:12Z
Q20734848,1987-06-23,1991-06-11,2023-02-19T07:57:50Z
Q20734849,1935-09-17,1963-06-05,2022-12-01T20:43:09Z
Q20734850,1849-01-11,1850-08-20,2023-02-03T19:32:08Z
Q20734850,1849-02-13,1850-08-20,2023-02-03T19:32:08Z
Q20734852,1925-03-11,1929-09-16,2022-11-25T16:44:14Z
Q20734855,1896-09-15,1904-07-23,2022-07-28T18:59:00Z
Q20734856,1815-09-21,1821-09-19,2022-08-15T16:00:04Z
Q20734858,1952-07-15,1960-04-01,2023-01-02T01:27:21Z
Q20734861,1986-06-03,1999-06-08,2023-02-19T07:58:00Z
Q20734863,1971-09-21,1974-09-17,2023-02-19T07:58:10Z
Q20734864,1956-11-06,1958-08-15,2023-02-19T03:42:48Z
Q20734865,1940-02-06,1956-11-06,2023-02-19T07:58:20Z
Q20734866,1969-09-16,1981-06-10,2023-02-19T07:58:30Z
Q20734867,1815-09-21,1816-01-31,2022-10-14T22:49:02Z
Q20734869,1968-01-16,1979-01-01,2023-02-19T05:42:03Z
Q20734871,1946-07-23,1963-06-05,2023-02-03T19:32:55Z
Q20734872,1815-09-21,1820-12-24,2023-02-19T07:58:40Z
Q20734873,1955-09-20,1971-05-10,2023-02-20T09:26:51Z
Q20734874,1956-11-06,1960-09-20,2022-07-25T20:50:54Z
Q20734875,1919-09-16,1923-09-18,2022-07-27T22:14:43Z
Q20734877,1981-06-10,1991-06-11,2023-01-06T23:36:37Z
Q20734878,1965-03-09,1968-11-10,2023-02-19T07:58:50Z
Q20734879,1849-02-13,1850-08-20,2022-10-14T22:49:03Z
Q20734881,1969-09-16,1991-06-11,2022-11-25T16:44:15Z
Q20734882,1952-07-15,1965-05-16,2023-02-19T07:59:00Z
Q20734883,1946-07-23,1956-11-04,2022-10-14T22:49:03Z
Q20734885,1992-04-14,1996-08-01,2023-02-18T23:59:59Z
Q20734886,1946-07-23,1948-07-27,2022-10-14T22:49:04Z
Q20734888,1955-10-18,1962-03-13,2022-12-26T16:33:03Z
Q20734888,1971-05-11,1974-09-17,2022-12-26T16:33:03Z
Q20734890,1907-12-23,1911-01-03,2023-02-19T06:20:05Z
Q20734891,1981-06-10,1983-09-13,2023-02-19T07:59:10Z
Q20734893,1977-09-20,1987-06-23,2023-02-19T07:59:20Z
Q20734894,1815-09-21,1822-09-08,2023-02-19T07:59:30Z
Q20734895,1987-06-23,1999-06-08,2023-02-19T07:59:40Z
Q20734898,1948-07-27,1956-07-03,2023-02-19T00:22:51Z
Q20734898,1948-07-27,1963-06-05,2023-02-19T00:22:51Z
Q20734898,1956-07-31,1963-06-05,2023-02-19T00:22:51Z
Q20734900,1931-10-15,1935-09-17,2022-11-25T16:43:14Z
Q20734902,1956-11-06,1967-12-18,2023-02-19T07:59:50Z
Q20734903,1823-03-25,1830-10-20,2023-02-19T08:00:00Z
Q20734904,1849-02-13,1850-08-20,2022-12-16T01:24:26Z
Q20734908,1882-12-06,1884-10-11,2023-02-19T04:48:11Z
Q20734908,1884-11-17,1887-08-17,2023-02-19T04:48:11Z
Q20734908,1888-05-01,1894-05-01,2023-02-19T04:48:11Z
Q20734911,1964-02-25,1977-02-01,2023-02-19T08:00:10Z
Q20734912,1950-09-19,1966-09-20,2023-01-01T21:27:46Z
Q20734913,1971-05-25,1974-09-17,2022-06-09T00:02:34Z
Q20734914,1957-05-28,1967-05-04,2023-02-19T08:00:20Z
Q20734915,1977-09-20,1987-06-23,2022-09-15T10:26:50Z
Q20734916,1937-11-02,1952-07-15,2023-02-24T02:35:11Z
Q20734917,1915-12-28,1920-02-03,2023-02-03T19:32:48Z
Q20734919,1923-09-18,1925-09-01,2022-10-14T23:01:25Z
Q20734922,1971-05-11,1977-09-20,2023-02-19T08:00:30Z
Q20734923,1991-06-11,1995-06-13,2023-02-19T08:00:40Z
Q20734926,1871-09-18,1883-10-01,2022-10-14T23:03:27Z
Q20734927,1991-06-11,2003-06-10,2023-02-19T08:00:50Z
Q20734929,1816-02-08,1833-03-25,2022-12-28T05:25:50Z
Q20734931,1815-09-21,1820-09-09,2022-11-25T16:43:14Z
Q2074268,2009-06-16,2019-06-11,2023-02-18T23:52:29Z
Q20744872,1890-04-08,1904-07-23,2022-07-29T10:10:47Z
Q20747273,1986-09-09,1991-06-11,2023-02-19T16:40:40Z
Q2075610,2015-06-09,2019-06-11,2023-02-18T23:52:49Z
Q2075652,1963-06-05,1967-02-21,2023-01-06T23:30:55Z
Q2075811,1981-08-25,1991-06-11,2023-02-18T23:52:59Z
Q2082585,2000-04-18,2003-06-10,2022-05-05T16:54:06Z
Q2083293,1951-09-18,1956-07-03,2023-02-19T13:10:14Z
Q2084799,2019-06-11,2022-01-10,2023-02-19T16:44:59Z
Q20856136,1914-08-03,1937-06-08,2022-10-14T23:26:00Z
Q20856138,1850-10-07,1868-09-20,2022-10-14T23:25:59Z
Q20856139,1922-07-25,1932-12-12,2022-10-14T23:26:00Z
Q20856141,1831-10-18,1849-02-13,2023-02-19T05:31:43Z
Q20856142,1969-09-16,1971-05-10,2022-11-25T16:45:17Z
Q20856144,1911-06-20,1923-09-18,2023-02-03T19:36:57Z
Q20856145,1991-06-11,1995-06-13,2023-02-19T08:04:50Z
Q20856146,1981-06-10,1983-09-13,2023-02-19T08:05:00Z
Q20856147,1849-02-13,1850-08-20,2022-10-14T23:26:00Z
Q20856147,1850-10-10,1853-09-19,2022-10-14T23:26:00Z
Q20856148,1815-09-21,1830-10-18,2022-10-14T23:29:11Z
Q20856149,1952-07-15,1956-07-03,2023-01-02T01:27:05Z
Q20856149,1956-11-06,1957-12-12,2023-01-02T01:27:05Z
Q20856150,1960-09-20,1963-06-05,2023-02-19T08:05:10Z
Q20856151,1991-06-11,1995-06-13,2022-12-01T20:37:16Z
Q20856152,1987-06-23,1991-06-11,2022-10-14T14:59:02Z
Q20856153,1924-11-18,1937-06-08,2023-02-19T08:05:20Z
Q20856155,1997-03-11,1999-06-08,2023-02-19T08:05:30Z
Q20856156,1978-01-24,1987-06-23,2023-02-19T08:05:40Z
Q20856157,1971-05-11,1974-09-17,2022-10-14T23:29:12Z
Q20856158,1904-12-06,1926-09-20,2023-02-25T04:50:17Z
Q20856159,1965-05-25,1969-09-16,2023-02-22T07:38:25Z
Q20856160,1891-01-26,1904-07-23,2022-11-25T12:57:14Z
Q20856162,1961-10-17,1968-11-16,2023-02-03T19:30:41Z
Q20856163,1846-03-30,1849-02-13,2023-02-26T13:18:04Z
Q20856164,1946-08-06,1971-05-10,2022-09-24T17:37:01Z
Q20856165,1965-07-27,1966-09-20,2023-02-19T08:05:50Z
Q20856166,1981-06-10,1983-09-13,2023-02-19T08:06:00Z
Q20856167,1922-07-25,1923-06-30,2022-12-01T20:46:12Z
Q20856168,1983-09-13,1987-06-23,2023-02-19T08:06:10Z
Q20856170,1840-10-20,1842-05-15,2022-11-25T12:57:15Z
Q20856171,1848-08-25,1849-02-13,2022-11-25T16:46:16Z
Q20856173,1963-06-05,1971-05-10,2022-10-14T23:33:11Z
Q20856174,1922-07-27,1929-09-17,2022-10-14T23:33:00Z
Q20856175,1821-11-14,1830-10-18,2022-10-14T23:33:11Z
Q20856178,1975-09-30,1977-09-20,2023-02-19T08:06:20Z
Q20856179,1865-05-18,1880-09-19,2022-10-14T23:33:12Z
Q20856183,1956-11-06,1968-09-01,2023-02-19T08:06:30Z
Q20856184,1957-06-25,1966-09-20,2022-10-14T23:33:18Z
Q20856184,1970-11-03,1971-05-10,2022-10-14T23:33:18Z
Q20856185,1980-09-16,1995-06-13,2022-11-30T10:49:03Z
Q20856186,1981-06-10,1988-10-09,2023-02-20T09:27:01Z
Q20856187,1945-11-20,1947-09-10,2023-02-19T08:06:40Z
Q20856188,1966-09-20,1970-04-13,2023-02-19T08:06:50Z
Q20856189,1925-09-17,1937-06-08,2023-02-19T08:07:00Z
Q20856191,1983-09-13,1995-06-13,2023-02-20T09:27:41Z
Q20856192,1966-11-29,1971-05-10,2023-02-20T09:27:51Z
Q20856193,1877-09-17,1884-10-11,2022-10-06T11:09:39Z
Q20856193,1884-11-17,1887-08-17,2022-10-06T11:09:39Z
Q20856193,1887-09-19,1888-03-27,2022-10-06T11:09:39Z
Q20856193,1888-05-01,1896-09-20,2022-10-06T11:09:39Z
Q20856194,1922-09-19,1928-02-14,2023-02-19T08:07:10Z
Q20856195,1849-02-13,1850-08-20,2022-10-05T17:30:57Z
Q20856196,1951-06-19,1952-07-15,2023-01-01T17:34:02Z
Q20856196,1956-11-06,1969-09-16,2023-01-01T17:34:02Z
Q20857297,1982-01-26,1999-06-08,2023-02-19T08:07:31Z
Q20857299,1932-09-20,1946-07-23,2022-10-14T23:36:06Z
Q20857301,1877-09-18,1884-10-11,2022-11-25T16:47:19Z
Q20857302,1983-09-13,1995-06-13,2023-02-20T01:24:11Z
Q20857306,1827-12-27,1830-10-20,2022-10-14T23:36:06Z
Q20857308,1932-09-20,1948-07-27,2022-10-14T23:36:17Z
Q20857309,1871-09-18,1883-01-13,2022-10-14T23:36:18Z
Q20857310,1862-12-08,1884-10-11,2022-11-25T16:47:19Z
Q20857311,1849-02-13,1850-08-20,2022-11-25T16:47:19Z
Q20857314,1866-11-19,1874-08-18,2022-10-14T23:36:18Z
Q20857316,1980-09-16,1981-06-10,2023-02-19T08:07:41Z
Q20857317,1981-02-10,1987-06-23,2023-02-14T05:05:45Z
Q20857318,1969-09-16,1976-02-01,2023-02-19T08:07:51Z
Q20857319,1946-07-23,1971-05-10,2023-02-26T13:18:07Z
Q20857320,1922-03-23,1946-07-23,2022-07-23T19:15:05Z
Q20857321,1980-09-16,1983-09-13,2023-02-20T09:27:21Z
Q20857322,1902-06-02,1902-10-10,2022-11-25T16:47:20Z
Q20857323,1850-10-10,1856-07-28,2022-11-25T16:47:20Z
Q20857324,1815-09-21,1826-04-10,2022-10-14T23:35:04Z
Q20857326,1831-10-18,1838-01-02,2022-10-07T17:30:38Z
Q20857327,1817-10-30,1820-07-03,2023-02-02T20:14:15Z
Q20857328,1926-04-07,1946-07-23,2022-10-14T16:54:13Z
Q20857330,1946-07-23,1963-01-11,2023-02-19T08:08:10Z
Q20857331,1994-01-18,1995-06-13,2022-10-14T16:54:13Z
Q20857332,1958-01-21,1963-06-05,2023-02-19T08:08:21Z
Q20857332,1960-10-21,1963-06-05,2023-02-19T08:08:21Z
Q20857333,1881-11-28,1884-10-11,2022-11-25T12:57:17Z
Q20857333,1884-11-17,1887-08-17,2022-11-25T12:57:17Z
Q20857333,1887-09-19,1888-03-27,2022-11-25T12:57:17Z
Q20857333,1888-05-01,1898-08-15,2022-11-25T12:57:17Z
Q20857334,1922-07-25,1930-06-04,2022-10-14T16:54:14Z
Q20857335,1904-09-20,1913-09-16,2023-02-03T19:31:07Z
Q20857336,1823-03-25,1848-12-16,2022-10-14T16:54:20Z
Q20857337,1866-09-18,1875-05-24,2022-05-05T18:07:58Z
Q20857339,1888-05-01,1890-03-21,2022-10-14T16:54:14Z
Q20857340,1920-11-30,1946-07-23,2022-11-25T16:49:34Z
Q20857341,1850-10-10,1863-04-21,2022-12-31T17:26:14Z
Q20857342,1995-01-01,2003-01-01,2023-02-18T22:39:46Z
Q20857342,1995-01-01,2003-06-10,2023-02-18T22:39:46Z
Q20857342,1995-06-13,2003-01-01,2023-02-18T22:39:46Z
Q20857342,1995-06-13,2003-06-10,2023-02-18T22:39:46Z
Q20857343,1987-06-23,1995-06-13,2022-09-04T18:42:01Z
Q20857345,1892-01-25,1904-07-23,2023-02-03T19:31:44Z
Q20857345,1904-09-20,1913-05-15,2023-02-03T19:31:44Z
Q20857346,1966-12-27,1967-04-10,2022-10-14T16:54:20Z
Q20857347,1991-06-11,1995-06-13,2023-02-25T20:25:43Z
Q20857351,1956-11-06,1963-06-05,2022-10-08T07:05:17Z
Q20857352,1816-06-24,1826-05-02,2022-11-25T16:49:39Z
Q20857354,1921-06-28,1922-07-24,2022-10-14T16:54:21Z
Q20857354,1922-09-19,1926-09-21,2022-10-14T16:54:21Z
Q20857354,1926-12-07,1932-09-20,2022-10-14T16:54:21Z
Q20857355,1825-10-18,1827-11-18,2022-10-14T16:55:16Z
Q20857356,1949-11-02,1951-05-01,2022-10-14T16:55:16Z
Q20857357,1977-02-15,1977-09-20,2023-02-19T08:08:41Z
Q20857358,1999-06-08,2003-06-10,2022-10-14T14:58:51Z
Q20857359,1981-06-10,1995-06-13,2022-12-08T09:05:51Z
Q20857359,1998-02-27,1999-06-08,2022-12-08T09:05:51Z
Q20857360,1934-04-24,1937-06-08,2022-12-28T11:28:10Z
Q20857362,1958-03-04,1980-07-19,2023-02-19T08:08:51Z
Q20857363,1951-09-18,1955-12-28,2023-02-19T08:09:01Z
Q20857364,1969-09-16,1991-06-11,2023-02-19T08:09:11Z
Q20857365,1968-03-05,1971-05-10,2023-02-19T08:09:21Z
Q20857366,1945-11-20,1954-10-16,2023-02-19T08:09:41Z
Q20857367,1859-09-19,1864-09-14,2022-10-14T16:55:16Z
Q20857369,1963-06-05,1977-09-20,2023-02-03T19:37:05Z
Q20857370,1909-02-01,1926-02-23,2023-02-03T19:37:05Z
Q20857370,1909-03-19,1926-02-23,2023-02-03T19:37:05Z
Q20857371,1825-10-18,1830-10-18,2023-02-04T16:18:53Z
Q20857372,1992-11-17,1999-06-08,2022-12-01T20:22:17Z
Q20857373,1855-07-03,1856-08-07,2022-10-14T16:55:17Z
Q20857375,1987-06-23,2003-06-10,2023-02-19T08:09:51Z
Q20857376,1815-09-21,1830-10-18,2022-10-14T16:55:18Z
Q20857377,1983-09-13,1995-06-13,2022-11-25T12:57:18Z
Q20857379,1913-03-31,1937-06-08,2023-01-29T10:28:42Z
Q20857381,1974-09-17,1995-06-13,2023-01-11T23:41:15Z
Q20857382,1849-02-13,1865-09-17,2022-11-25T16:50:11Z
Q20857383,1856-09-16,1862-06-12,2022-11-25T16:46:14Z
Q20857386,1920-12-27,1946-07-23,2023-02-25T20:25:45Z
Q20857390,1923-09-18,1943-03-29,2022-11-25T16:46:14Z
Q20857391,1815-09-21,1829-09-27,2022-11-25T16:46:14Z
Q20857392,1907-09-17,1914-08-27,2022-11-25T16:46:15Z
Q20857394,1979-11-13,1980-09-16,2023-02-19T08:10:01Z
Q20857396,1899-06-26,1901-08-24,2023-02-03T19:37:12Z
Q20857397,1904-12-06,1909-11-17,2023-02-03T19:37:12Z
Q20857398,1956-11-06,1966-09-20,2023-02-19T08:10:11Z
Q20857400,1971-05-11,1977-09-20,2023-02-19T08:10:21Z
Q20857401,1946-07-23,1959-02-08,2023-02-19T08:10:31Z
Q20857402,1980-09-16,1999-06-08,2023-02-20T09:27:11Z
Q20857403,1963-06-05,1967-12-01,2022-11-25T16:46:15Z
Q20857405,1935-09-17,1937-06-08,2022-10-14T16:56:07Z
Q20857406,1971-05-11,1979-07-17,2023-01-06T23:38:38Z
Q20857407,1969-09-16,1971-05-10,2023-02-19T08:10:41Z
Q20857408,1973-07-10,1978-09-18,2023-02-19T08:10:51Z
Q20859190,1871-09-19,1880-06-08,2023-02-03T19:40:31Z
Q20859190,1892-03-29,1899-09-19,2023-02-03T19:40:31Z
Q20859191,1946-07-23,1952-11-10,2022-11-25T16:45:23Z
Q20859192,1884-09-18,1884-10-11,2022-10-09T06:25:28Z
Q20859192,1884-11-17,1887-08-17,2022-10-09T06:25:28Z
Q20859192,1887-09-19,1888-03-27,2022-10-09T06:25:28Z
Q20859192,1896-12-01,1898-01-10,2022-10-09T06:25:28Z
Q20859195,1931-03-25,1945-02-12,2022-10-14T16:56:13Z
Q20859198,1949-12-13,1951-09-18,2022-07-25T20:49:27Z
Q20859199,1905-05-29,1917-06-27,2023-02-03T19:41:16Z
Q20859199,1917-11-06,1918-09-16,2023-02-03T19:41:16Z
Q20859200,1963-06-05,1980-09-16,2023-01-14T14:25:01Z
Q20859200,1981-06-23,1983-09-13,2023-01-14T14:25:01Z
Q20859202,1937-06-08,1947-01-16,2022-09-20T03:35:45Z
Q20859224,1864-04-14,1879-06-06,2023-02-03T19:41:16Z
Q20859255,1946-07-23,1965-09-18,2023-02-19T00:20:10Z
Q2086514,1999-06-08,2011-06-07,2023-02-18T23:55:09Z
Q2088760,1946-07-23,1958-11-21,2022-10-05T02:25:00Z
Q2088798,1956-01-17,1980-09-16,2023-02-18T23:55:19Z
Q2089254,2003-06-10,2006-11-29,2023-02-18T23:55:29Z
Q2094302,2010-11-02,2011-06-07,2022-12-01T20:37:29Z
Q2096732,1974-09-17,1977-09-28,2023-02-18T23:56:09Z
Q2100362,1886-01-11,1887-12-05,2023-02-02T17:59:30Z
Q2109686,1947-02-19,1960-09-20,2021-12-29T15:11:37Z
Q2109902,1864-12-12,1877-08-02,2022-10-01T05:42:34Z
Q2110644,1920-11-30,1932-09-20,2022-09-28T22:50:41Z
Q2110644,1932-11-02,1935-07-31,2022-09-28T22:50:41Z
Q2111244,2003-06-10,2015-06-09,2023-02-27T10:56:55Z
Q2111767,1967-02-28,1969-09-16,2022-05-06T13:53:28Z
Q2111892,1904-09-20,1907-09-17,2023-02-03T11:56:09Z
Q2111892,1904-09-21,1907-09-17,2023-02-03T11:56:09Z
Q2112391,1849-01-01,1880-01-01,2022-11-25T15:36:49Z
Q2115049,1958-03-18,1969-09-16,2022-05-06T10:14:20Z
Q2116007,1994-05-31,1995-06-13,2023-01-02T22:22:48Z
Q2116915,1864-04-14,1873-09-15,2023-02-02T17:59:48Z
Q2117192,1983-09-13,1987-06-23,2022-05-08T13:34:46Z
Q2117536,1849-02-13,1850-08-20,2023-02-02T17:59:48Z
Q2117536,1850-10-07,1872-09-07,2023-02-02T17:59:48Z
Q2118045,1946-07-23,1948-07-27,2022-09-16T18:39:27Z
Q2120050,2007-06-12,2011-06-07,2023-01-04T19:19:59Z
Q2120426,1960-09-20,1972-05-10,2023-02-18T23:59:19Z
Q2120678,1956-07-03,1981-06-10,2023-01-10T09:19:45Z
Q2121142,1956-07-03,1961-10-01,2023-02-18T23:59:29Z
Q2123284,2011-06-07,2015-06-09,2022-05-05T15:37:05Z
Q2127281,1910-09-20,1922-07-24,2022-05-06T08:56:12Z
Q2127281,1910-09-21,1922-07-24,2022-05-06T08:56:12Z
Q2128348,1849-02-13,1849-11-16,2022-10-14T14:51:50Z
Q2128348,1850-10-08,1871-09-18,2022-10-14T14:51:50Z
Q2128526,2011-06-07,2021-10-07,2023-02-19T00:00:20Z
Q2128852,1815-09-21,1826-07-10,2023-02-23T22:18:07Z
Q2132920,1928-03-13,1929-08-10,2023-02-19T00:00:59Z
Q2133228,1995-06-13,2007-06-12,2023-02-19T00:01:09Z
Q2134593,1919-12-19,1921-04-28,2023-02-20T18:01:47Z
Q2136839,1980-09-16,1995-03-01,2023-02-18T23:54:49Z
Q2137702,1824-10-19,1830-10-18,2023-01-06T01:39:10Z
Q2137968,1826-10-17,1846-03-24,2023-02-19T00:02:20Z
Q2140284,1987-06-23,2003-06-10,2023-02-26T08:26:35Z
Q2141189,1995-06-13,2003-06-10,2023-02-26T02:10:00Z
Q2143746,1888-05-01,1893-09-19,2023-02-26T17:09:32Z
Q2145209,2011-06-07,2015-06-09,2023-02-24T08:48:12Z
Q2146189,1849-02-13,1850-08-20,2022-12-23T09:36:39Z
Q2146189,1850-10-07,1884-05-04,2022-12-23T09:36:39Z
Q21484940,1932-09-20,1933-05-09,2023-02-03T19:39:29Z
Q2151389,1929-09-17,1935-09-17,2023-02-19T00:04:30Z
Q2152071,1916-03-07,1920-02-06,2022-09-07T14:14:54Z
Q2152262,1850-12-16,1877-09-17,2022-10-03T16:47:18Z
Q2152262,1879-09-16,1882-03-05,2022-10-03T16:47:18Z
Q21528722,2018-09-25,2019-06-11,2023-02-19T08:32:32Z
Q2154177,1976-03-02,1983-09-13,2022-05-05T16:48:05Z
Q2154593,2007-06-12,2011-06-07,2023-02-19T00:04:40Z
Q2156218,1963-06-05,1970-10-01,2023-02-19T00:05:00Z
Q2156412,1916-11-07,1920-03-06,2022-07-24T08:58:29Z
Q2157327,1893-09-19,1897-01-13,2023-02-02T18:03:58Z
Q2158699,1904-09-20,1919-11-06,2022-05-05T16:26:08Z
Q2158699,1904-09-21,1919-11-06,2022-05-05T16:26:08Z
Q2160649,1998-05-19,2003-06-10,2023-02-22T08:15:16Z
Q2160649,2006-12-12,2007-06-12,2023-02-22T08:15:16Z
Q2160649,2011-06-07,2018-06-20,2023-02-22T08:15:16Z
Q2160649,2019-02-05,2019-06-11,2023-02-22T08:15:16Z
Q2162310,2003-06-10,2015-06-09,2023-01-12T02:46:23Z
Q2164983,1844-10-21,1849-02-13,2022-10-20T15:21:25Z
Q2166496,1824-10-30,1829-06-12,2022-05-08T13:36:50Z
Q2166576,1999-06-08,2007-06-12,2023-02-19T00:06:30Z
Q2171521,1891-01-26,1896-09-15,2023-02-19T00:06:50Z
Q2172630,2007-01-16,2007-06-12,2023-02-19T00:07:00Z
Q2172922,1824-10-19,1830-10-18,2022-12-30T15:22:18Z
Q2177299,1849-02-13,1850-08-20,2023-01-29T10:24:15Z
Q2177299,1850-12-23,1857-06-04,2023-01-29T10:24:15Z
Q2178595,1875-03-30,1884-10-11,2022-10-07T11:30:59Z
Q2178935,1945-11-20,1946-10-05,2023-02-02T18:05:47Z
Q2179559,2007-06-12,2011-06-07,2023-02-19T00:08:10Z
Q2180159,1995-06-11,1998-02-27,2023-02-19T00:08:30Z
Q2180159,1995-06-13,1998-02-27,2023-02-19T00:08:30Z
Q2182940,1896-04-13,1900-12-18,2023-02-03T06:52:30Z
Q2183092,1937-06-08,1946-07-23,2022-09-19T09:31:23Z
Q2185277,1849-02-13,1850-08-20,2022-09-17T17:46:24Z
Q2185277,1850-10-07,1879-06-21,2022-09-17T17:46:24Z
Q2185299,1853-04-20,1880-05-01,2023-02-26T10:58:38Z
Q2185504,2007-06-12,2011-06-07,2023-02-19T00:09:10Z
Q2185673,1983-09-13,1984-07-24,2023-01-06T23:31:19Z
Q2186541,1973-02-13,1981-06-10,2023-02-19T00:09:30Z
Q2187237,1880-05-20,1884-10-11,2022-08-02T00:14:51Z
Q2187237,1884-11-17,1887-08-17,2022-08-02T00:14:51Z
Q2187237,1887-09-19,1888-03-27,2022-08-02T00:14:51Z
Q2187237,1888-05-01,1902-03-07,2022-08-02T00:14:51Z
Q2187401,1883-11-29,1884-10-11,2022-10-08T14:24:06Z
Q2187401,1884-11-17,1887-08-17,2022-10-08T14:24:06Z
Q2187401,1887-09-19,1888-03-27,2022-10-08T14:24:06Z
Q2187401,1888-05-01,1892-04-26,2022-10-08T14:24:06Z
Q2188879,1980-09-16,1987-06-23,2022-10-07T22:35:18Z
Q2190807,1969-09-16,1971-07-28,2022-10-06T10:54:55Z
Q2193072,1969-09-16,1974-09-17,2022-05-13T15:58:11Z
Q2193680,1883-09-18,1884-10-11,2023-02-02T18:06:03Z
Q2193680,1884-11-17,1887-08-17,2023-02-02T18:06:03Z
Q2193680,1887-09-19,1888-03-27,2023-02-02T18:06:03Z
Q2193680,1888-05-01,1892-06-12,2023-02-02T18:06:03Z
Q2194472,1890-05-05,1904-07-23,2022-09-08T14:21:36Z
Q2194472,1904-09-20,1911-05-21,2022-09-08T14:21:36Z
Q2195210,1921-09-20,1960-09-20,2022-05-08T13:38:39Z
Q2196346,2007-06-12,2011-06-07,2023-02-19T00:10:20Z
Q2199877,1888-05-01,1894-03-20,2022-09-28T22:49:12Z
Q2199990,1912-03-29,1916-01-07,2023-02-02T18:05:02Z
Q2200008,1995-06-13,2003-06-10,2023-02-19T00:11:30Z
Q2201325,1930-07-29,1941-10-12,2023-02-02T18:00:34Z
Q2201519,2018-07-04,2018-08-26,2022-12-01T07:46:17Z
Q2203493,1833-10-24,1840-06-25,2022-11-28T10:45:32Z
Q2206138,1977-09-20,1987-06-23,2023-02-19T00:12:20Z
Q2207303,1995-06-13,2003-06-10,2023-02-19T00:12:30Z
Q2212511,1849-02-13,1850-08-20,2022-10-06T18:26:17Z
Q2212720,1978-12-27,1987-01-01,2023-02-25T06:24:40Z
Q2215214,2015-06-09,2019-06-11,2023-02-20T18:28:01Z
Q2216223,1987-10-01,1995-06-13,2023-02-19T00:13:40Z
Q2218206,1825-10-18,1831-04-21,2023-01-29T10:32:36Z
Q2219417,1948-09-21,1951-09-18,2022-10-06T14:12:11Z
Q2219688,2011-06-07,2015-06-09,2022-05-05T15:41:01Z
Q2221844,1859-09-20,1881-06-01,2022-08-02T13:52:56Z
Q2225990,1840-08-06,1849-02-13,2022-09-12T23:17:07Z
Q2226348,1978-10-03,1980-09-16,2023-02-19T00:15:50Z
Q2227721,1995-06-13,2003-06-10,2023-02-19T00:16:10Z
Q2227862,2007-06-12,2011-06-07,2023-02-19T00:16:20Z
Q2228497,2011-06-07,2017-09-01,2023-02-19T00:16:30Z
Q2230617,1983-09-13,1986-06-03,2022-05-05T18:07:04Z
Q2231707,1840-10-20,1843-07-16,2022-09-29T03:39:25Z
Q2234950,1815-09-21,1830-10-20,2022-10-14T15:20:46Z
Q2235447,1815-09-21,1815-10-11,2023-01-06T13:32:30Z
Q2235715,2003-06-10,2007-06-12,2022-07-12T08:56:13Z
Q2236130,2011-06-07,2015-06-09,2022-10-06T18:27:12Z
Q2238427,2009-05-19,2011-06-07,2023-02-19T00:18:00Z
Q2240132,1932-09-20,1938-09-06,2022-05-06T10:37:57Z
Q2241713,2015-06-09,2019-01-16,2023-02-19T00:18:20Z
Q2247987,1963-06-05,1982-05-01,2023-02-19T00:18:50Z
Q224863,2011-06-07,2012-09-20,2023-02-18T19:32:46Z
Q2249136,1816-02-08,1829-10-24,2022-10-07T09:28:38Z
Q2251133,1917-11-27,1922-07-24,2023-02-19T00:19:30Z
Q2254623,1922-10-24,1945-09-15,2022-11-25T12:35:25Z
Q2254769,1851-08-14,1859-05-15,2023-02-03T02:44:20Z
Q2254987,1849-02-16,1850-08-20,2023-02-02T18:07:04Z
Q2254987,1850-12-16,1867-08-15,2023-02-02T18:07:04Z
Q2255356,1983-09-13,1999-06-08,2023-02-19T00:19:50Z
Q2257207,2003-06-10,2011-06-07,2023-02-19T00:20:20Z
Q2257749,2011-06-07,2019-06-11,2023-02-18T22:57:46Z
Q2257961,1925-11-10,1926-09-21,2023-02-19T00:20:30Z
Q2261273,1952-07-15,1965-04-14,2022-05-08T13:41:39Z
Q2261273,1971-05-11,1974-09-17,2022-05-08T13:41:39Z
Q2261273,1974-10-29,1981-06-10,2022-05-08T13:41:39Z
Q2261920,1873-11-21,1878-08-01,2022-05-06T10:21:09Z
Q2262494,1991-06-11,2007-06-12,2023-02-19T00:20:40Z
Q2269436,2010-10-26,2019-06-11,2023-02-19T00:21:20Z
Q2270821,1826-10-27,1830-10-18,2022-11-25T15:52:35Z
Q2272367,1815-09-21,1824-03-10,2022-11-02T21:46:26Z
Q2274843,1971-08-24,1977-09-20,2023-02-24T18:52:48Z
Q2278925,1904-09-20,1909-01-21,2022-12-09T03:14:31Z
Q2278925,1913-09-16,1915-07-09,2022-12-09T03:14:31Z
Q2278925,1915-07-30,1915-10-27,2022-12-09T03:14:31Z
Q2278947,1923-09-18,1945-09-13,2022-10-09T18:20:08Z
Q2279355,1840-10-19,1849-02-13,2023-02-02T18:03:35Z
Q2281383,2011-06-07,2015-06-09,2022-12-01T07:35:40Z
Q2281383,2017-10-31,2019-06-11,2022-12-01T07:35:40Z
Q2281816,1961-11-07,1971-05-10,2023-02-26T02:17:22Z
Q2283799,1946-11-07,1948-07-27,2022-11-25T12:36:19Z
Q2287624,1945-11-20,1951-07-15,2023-02-19T00:24:41Z
Q2291070,2012-10-02,2019-06-11,2023-02-20T18:30:53Z
Q2291903,1871-09-18,1883-09-17,2023-02-25T02:35:06Z
Q2293713,2003-11-04,2011-06-07,2023-02-19T00:25:21Z
Q2299377,2004-10-12,2015-06-09,2023-02-19T00:25:51Z
Q2303741,2015-06-09,2019-06-11,2023-02-19T00:26:51Z
Q2304251,1825-10-18,1837-05-06,2023-01-06T10:48:52Z
Q2304865,1999-06-08,2003-09-22,2023-02-19T00:27:01Z
Q2307374,1926-04-07,1946-03-17,2022-10-05T05:41:03Z
Q2318136,1969-01-07,1977-09-20,2022-04-20T15:12:22Z
Q2320629,2011-06-07,2018-09-03,2023-02-20T18:31:10Z
Q2322875,1974-09-17,1980-09-16,2023-02-19T00:28:41Z
Q2325196,1894-09-18,1901-03-15,2023-02-02T18:07:04Z
Q2328075,1999-06-08,2003-06-10,2022-04-16T03:04:56Z
Q2328075,2003-09-30,2007-06-12,2022-04-16T03:04:56Z
Q2328735,1974-09-17,1980-09-16,2023-01-06T23:35:14Z
Q2328735,1980-12-02,1981-06-10,2023-01-06T23:35:14Z
Q2331007,1971-05-11,1973-01-05,2022-07-22T15:43:55Z
Q2332588,1818-02-27,1845-04-18,2023-02-02T18:05:02Z
Q2333972,2019-06-11,2020-11-25,2023-02-20T18:31:23Z
Q2334080,1913-09-16,1922-07-24,2022-05-13T16:01:04Z
Q2336128,1956-11-06,1960-09-20,2023-02-19T00:29:31Z
Q2336286,1969-09-16,1971-05-10,2023-02-18T23:11:47Z
Q2338113,1983-09-13,1995-06-13,2023-01-09T05:20:28Z
Q2338122,1948-08-25,1949-12-05,2022-08-27T10:43:27Z
Q2338122,1950-03-15,1952-07-15,2022-08-27T10:43:27Z
Q2338122,1952-07-29,1955-09-20,2022-08-27T10:43:27Z
Q2340601,1848-10-07,1850-08-20,2023-02-02T18:07:09Z
Q2340601,1880-04-13,1884-08-30,2023-02-02T18:07:09Z
Q2341445,1991-06-11,2003-06-10,2023-02-19T00:30:41Z
Q2343209,1987-06-23,1995-06-13,2022-07-27T18:13:52Z
Q2344496,1984-08-28,1988-08-15,2023-02-19T00:31:01Z
Q2346821,1815-09-21,1831-10-18,2022-09-11T23:08:02Z
Q2348223,2015-06-09,2019-06-11,2023-02-19T00:32:11Z
Q2349265,2007-06-12,2019-04-26,2023-02-19T00:32:21Z
Q2349265,2007-06-12,2019-06-11,2023-02-19T00:32:21Z
Q2349265,2019-04-26,2019-06-11,2023-02-19T00:32:21Z
Q2350164,2003-06-10,2007-06-12,2023-02-19T00:32:41Z
Q2350482,1974-09-17,1980-09-15,2022-12-01T20:29:42Z
Q2350558,1904-09-20,1922-06-24,2023-01-01T12:09:22Z
Q2350558,1904-09-20,1922-07-24,2023-01-01T12:09:22Z
Q2352246,1907-05-10,1920-10-15,2022-06-04T20:55:04Z
Q2352603,2000-11-14,2007-06-12,2023-02-19T00:33:11Z
Q2353725,1956-07-03,1966-09-20,2023-02-25T02:33:08Z
Q2359123,1999-06-08,2003-06-10,2023-02-19T00:34:01Z
Q2360160,2007-06-12,2015-06-09,2023-02-19T00:34:11Z
Q2361862,2003-06-10,2007-06-12,2023-02-19T00:34:31Z
Q2363056,1937-06-08,1937-09-21,2023-02-25T11:51:15Z
Q2364274,1958-09-09,1969-09-16,2022-05-05T16:43:45Z
Q2365655,1999-06-08,2011-06-07,2023-02-19T00:35:11Z
Q2372868,1824-12-14,1844-01-28,2022-10-14T15:50:29Z
Q2373586,1945-01-01,1949-01-01,2023-02-18T23:32:48Z
Q2373586,1945-01-01,1949-02-27,2023-02-18T23:32:48Z
Q2373586,1945-11-20,1949-01-01,2023-02-18T23:32:48Z
Q2373586,1945-11-20,1949-02-27,2023-02-18T23:32:48Z
Q2376851,2001-06-19,2006-10-30,2023-02-19T00:36:21Z
Q2376884,1999-06-08,2003-06-10,2023-02-19T00:36:31Z
Q2378226,1995-06-13,1999-06-08,2023-02-19T00:36:41Z
Q2378920,1956-11-06,1959-09-21,2023-02-02T18:03:57Z
Q2381516,1991-06-11,1995-01-01,2023-02-19T00:36:51Z
Q2381545,1995-06-13,2003-06-10,2023-02-19T00:37:01Z
Q2382244,1833-01-01,1847-01-01,2022-09-04T03:39:57Z
Q2382244,1833-01-01,1847-03-07,2022-09-04T03:39:57Z
Q2382244,1833-10-24,1847-01-01,2022-09-04T03:39:57Z
Q2382244,1833-10-24,1847-03-07,2022-09-04T03:39:57Z
Q2383341,1850-10-08,1853-04-20,2022-05-06T08:48:14Z
Q2384698,2021-04-13,2022-03-31,2023-02-10T01:42:56Z
Q2388346,1922-07-25,1935-09-17,2023-02-26T02:12:12Z
Q2393683,2002-01-22,2007-06-12,2023-01-03T15:07:26Z
Q2393762,1991-06-11,1999-06-08,2023-02-19T00:39:11Z
Q2395328,1956-11-06,1983-09-13,2023-02-26T02:15:04Z
Q2395692,1834-10-21,1842-11-12,2022-09-16T19:33:06Z
Q2402579,1831-10-18,1849-02-13,2022-09-04T03:40:26Z
Q2403818,2011-06-07,2015-09-08,2022-11-30T23:08:22Z
Q2403818,2015-12-29,2017-03-22,2022-11-30T23:08:22Z
Q2404476,1983-09-13,1987-06-23,2022-11-11T16:39:45Z
Q2405230,1966-11-08,1971-05-10,2022-06-04T18:50:22Z
Q2405243,1987-06-23,2003-06-10,2023-02-19T00:39:41Z
Q2405325,1963-02-12,1974-04-14,2023-02-02T18:08:06Z
Q2406653,1974-09-17,1981-09-11,2023-01-05T09:53:32Z
Q2406653,1982-08-31,1983-09-13,2023-01-05T09:53:32Z
Q2408553,2003-06-10,2007-06-12,2023-02-19T00:40:41Z
Q2412366,2019-03-12,2019-06-11,2023-01-04T18:33:47Z
Q2413006,1971-05-11,1974-09-17,2023-02-19T00:10:40Z
Q2415735,1982-06-22,1999-06-08,2023-02-19T00:41:21Z
Q2419764,2015-06-09,2019-06-11,2023-02-20T18:38:09Z
Q2421032,1995-06-13,2002-01-10,2023-02-19T00:42:21Z
Q2421731,1860-12-14,1866-11-01,2022-12-01T11:20:39Z
Q2422785,1981-06-10,1986-08-27,2022-05-05T17:49:28Z
Q2422816,2003-06-10,2010-06-16,2023-02-20T18:38:23Z
Q2428862,1987-06-23,1999-06-08,2023-02-19T00:43:32Z
Q2429713,1872-04-04,1874-08-27,2023-02-24T07:19:25Z
Q2439018,1865-09-19,1881-10-13,2023-01-29T10:05:59Z
Q2439152,1868-09-21,1874-09-20,2022-10-04T01:35:21Z
Q2441758,1892-06-08,1896-09-15,2022-07-24T09:37:42Z
Q2443342,1956-11-06,1963-06-05,2023-02-02T18:07:08Z
Q2443342,1963-07-09,1974-09-17,2023-02-02T18:07:08Z
Q2443342,1974-10-29,1976-02-01,2023-02-02T18:07:08Z
Q2443697,1946-07-23,1952-07-15,2023-02-02T18:07:09Z
Q2444685,1920-09-21,1935-05-09,2023-02-19T00:44:32Z
Q2446924,1939-09-08,1947-12-21,2022-09-28T22:49:13Z
Q2448226,1815-11-21,1822-11-06,2023-02-24T07:19:53Z
Q2448713,1998-03-31,1999-06-08,2023-02-19T00:44:52Z
Q2449164,1995-06-13,2007-06-12,2023-02-19T00:45:02Z
Q2449200,1849-02-16,1850-08-20,2022-10-08T13:36:57Z
Q2449200,1850-10-07,1852-06-24,2022-10-08T13:36:57Z
Q2451293,1945-10-18,1952-07-15,2023-02-19T00:45:12Z
Q2451404,2003-06-10,2004-10-12,2023-02-19T00:45:22Z
Q2452452,2007-06-12,2011-06-07,2023-02-19T00:45:32Z
Q2453365,2004-09-07,2019-06-11,2023-02-19T00:45:42Z
Q2454398,1859-09-20,1870-09-18,2022-10-14T16:02:42Z
Q2458543,2003-06-10,2011-06-07,2023-02-19T00:46:02Z
Q2459337,1983-09-13,1986-06-03,2022-07-12T11:30:32Z
Q2459337,1987-06-23,1999-06-08,2022-07-12T11:30:32Z
Q2461334,2011-06-07,2018-09-26,2023-02-20T18:40:29Z
Q2461401,1995-06-13,1999-06-08,2022-05-05T19:45:21Z
Q2461401,2000-04-11,2003-06-10,2022-05-05T19:45:21Z
Q2466895,1850-10-08,1862-09-15,2023-02-02T18:26:10Z
Q2468142,1966-09-20,1987-06-23,2023-02-19T00:47:22Z
Q2469501,1831-12-14,1841-07-27,2022-11-25T15:59:36Z
Q2469556,1995-06-13,2003-06-10,2023-02-19T18:07:56Z
Q2472224,2011-06-07,2015-06-09,2022-12-01T06:24:18Z
Q2472224,2017-09-12,2019-06-11,2022-12-01T06:24:18Z
Q2474818,1923-09-18,1929-09-17,2022-10-02T01:50:29Z
Q2475343,1987-06-23,1995-06-13,2023-02-19T00:47:52Z
Q2478438,1849-02-26,1850-08-20,2022-12-24T09:10:18Z
Q2482240,1815-09-21,1839-10-10,2022-09-12T00:02:46Z
Q2482756,1960-09-20,1973-05-11,2023-02-19T15:22:02Z
Q2482756,1977-09-20,1980-10-11,2023-02-19T15:22:02Z
Q2482756,1980-10-11,1981-06-10,2023-02-19T15:22:02Z
Q2483774,2007-06-12,2019-06-11,2023-02-25T03:14:39Z
Q2489959,1971-05-11,1971-07-14,2023-02-18T23:43:09Z
Q2491002,1898-09-20,1904-07-23,2023-01-14T11:20:40Z
Q2499321,1981-08-25,2003-06-10,2022-12-21T19:36:14Z
Q2499431,1983-04-12,1995-06-13,2022-12-29T18:44:42Z
Q2500363,1968-09-17,1977-01-01,2023-02-19T00:50:02Z
Q2501178,1995-06-13,1999-06-08,2023-02-19T00:50:12Z
Q2513943,1853-08-23,1856-09-15,2022-10-08T10:57:42Z
Q2520762,1969-09-16,1973-05-11,2023-02-19T00:52:12Z
Q2528615,1923-09-18,1924-04-19,2023-01-29T19:36:12Z
Q2530306,1995-06-13,2000-04-01,2023-02-19T00:53:22Z
Q2531338,1956-07-31,1971-05-10,2023-02-24T18:14:09Z
Q2532470,1822-12-24,1848-10-02,2022-11-25T16:00:35Z
Q2533103,1904-09-21,1914-06-23,2023-02-02T18:28:55Z
Q2533417,1991-06-11,1992-11-01,2022-12-21T19:01:48Z
Q2534153,1966-09-20,1966-10-16,2022-05-05T18:16:37Z
Q2534634,1850-10-07,1853-01-18,2023-02-02T18:28:56Z
Q2534684,1977-09-20,1987-06-23,2023-02-19T00:54:12Z
Q2534893,1922-07-25,1923-09-18,2022-10-09T16:23:37Z
Q2537721,1845-12-16,1850-08-20,2022-11-25T16:01:28Z
Q2538175,1999-06-08,2015-06-09,2023-02-19T00:54:22Z
Q2539398,1956-11-06,1960-09-20,2023-02-10T19:46:27Z
Q2539398,1960-10-18,1977-09-20,2023-02-10T19:46:27Z
Q2544179,2011-06-07,2015-06-09,2022-12-01T07:43:08Z
Q2544179,2015-11-10,2016-07-12,2022-12-01T07:43:08Z
Q2548685,1872-11-06,1879-05-20,2022-05-26T11:21:56Z
Q2549477,1967-05-23,1970-03-16,2022-07-27T00:10:52Z
Q2549646,1955-09-20,1963-06-05,2023-02-19T00:55:52Z
Q2551043,1983-09-13,1987-06-23,2022-05-13T13:37:50Z
Q2551236,1983-09-13,1987-06-23,2023-02-19T00:56:02Z
Q2552010,1948-07-27,1966-09-20,2023-02-19T00:56:12Z
Q2553131,2007-06-12,2011-06-07,2023-02-19T00:56:22Z
Q2553451,1981-06-10,1986-12-13,2023-02-18T22:25:35Z
Q2553667,1932-09-20,1937-06-08,2023-02-02T18:06:05Z
Q2558294,1816-02-08,1831-01-13,2022-09-29T12:37:24Z
Q2559846,1910-09-21,1914-09-27,2023-02-02T18:07:48Z
Q2561465,1950-03-07,1960-10-08,2023-02-26T02:19:52Z
Q2568439,1991-06-11,2002-05-15,2023-02-26T11:57:30Z
Q2568610,2005-05-10,2007-06-12,2023-02-19T00:57:12Z
Q2569423,1912-07-09,1922-07-24,2022-09-28T08:29:42Z
Q2570804,2007-06-12,2011-06-07,2023-02-19T00:57:32Z
Q2574692,2003-06-10,2011-06-07,2023-02-19T00:57:52Z
Q2575725,1920-04-13,1926-09-20,2022-10-02T01:48:39Z
Q2578501,2003-06-11,2013-06-15,2023-02-21T11:33:51Z
Q2580847,1995-01-10,2011-06-07,2023-02-19T00:58:42Z
Q2583303,1991-06-11,1994-05-17,2023-02-24T21:18:27Z
Q2584878,1970-04-28,1976-06-01,2023-02-19T00:59:32Z
Q2588464,1968-01-09,1980-09-16,2023-02-19T00:59:52Z
Q2589330,1980-09-16,1983-04-01,2023-02-19T01:00:02Z
Q2589891,1910-11-02,1911-08-03,2022-05-06T10:28:14Z
Q2590985,1980-06-03,1981-06-10,2023-02-02T18:29:01Z
Q2590985,1982-11-30,1995-06-13,2023-02-02T18:29:01Z
Q2591556,1946-07-23,1952-07-15,2023-02-19T01:00:12Z
Q2593990,1905-12-06,1910-01-01,2022-11-25T12:45:55Z
Q2593990,1905-12-06,1910-09-20,2022-11-25T12:45:55Z
Q2595451,1899-12-27,1902-05-01,2022-11-25T12:46:00Z
Q2595451,1902-06-04,1904-07-23,2022-11-25T12:46:00Z
Q2595451,1904-09-20,1908-10-16,2022-11-25T12:46:00Z
Q2595451,1908-12-01,1921-11-18,2022-11-25T12:46:00Z
Q2600094,1946-07-23,1948-07-27,2023-02-19T01:01:02Z
Q2601018,1824-10-19,1830-10-18,2022-09-18T13:26:18Z
Q2602016,1987-06-23,1999-06-08,2023-02-18T23:33:28Z
Q2605861,1999-06-08,2007-06-12,2023-02-19T01:01:52Z
Q2606916,1974-09-17,1981-06-10,2023-02-19T01:02:12Z
Q2607377,1921-12-20,1923-09-18,2023-02-02T18:07:47Z
Q2607655,2007-06-12,2011-06-07,2023-02-19T01:02:32Z
Q2609978,2001-10-02,2019-06-11,2023-02-20T18:46:56Z
Q2612472,2011-06-07,2012-09-20,2023-02-05T10:16:26Z
Q2617000,1999-06-08,2007-06-12,2023-02-19T01:03:22Z
Q2620803,1981-09-29,1987-06-23,2023-02-19T01:04:02Z
Q2622879,1937-06-08,1947-03-18,2023-02-02T18:31:57Z
Q2625959,1987-06-23,1991-06-11,2023-02-19T01:04:43Z
Q2628113,1946-05-07,1946-06-04,2023-02-02T18:31:57Z
Q2628520,1815-09-21,1825-04-05,2022-11-25T15:41:58Z
Q2631306,1825-10-18,1830-10-18,2022-10-14T22:06:38Z
Q2637771,1999-06-08,2003-06-10,2023-02-19T01:05:13Z
Q2641644,1987-02-17,1987-06-23,2023-02-19T01:05:23Z
Q2642585,1911-10-03,1922-06-24,2023-02-24T07:19:05Z
Q2642585,1911-10-03,1922-07-24,2023-02-24T07:19:05Z
Q2643774,1914-06-16,1932-09-20,2023-02-02T18:07:49Z
Q2644986,2013-02-05,2015-06-09,2023-02-19T01:05:33Z
Q2646085,1966-09-20,1974-09-17,2023-02-19T01:05:43Z
Q2648005,2009-09-22,2011-06-07,2022-04-28T20:51:54Z
Q2651603,1978-01-24,1991-06-11,2022-12-20T17:55:07Z
Q2656179,1977-02-01,1981-06-10,2023-02-18T23:16:17Z
Q2661058,1922-07-25,1923-09-18,2023-02-02T18:29:00Z
Q2662569,1999-06-08,2007-06-12,2023-02-25T03:15:14Z
Q2665524,1963-09-17,1971-05-10,2023-01-01T17:49:03Z
Q2665810,1948-07-27,1950-02-14,2023-02-25T02:38:40Z
Q2667913,1980-08-26,1980-09-15,2022-11-30T17:26:03Z
Q2667970,1982-05-11,1983-09-13,2022-05-06T09:02:10Z
Q2668997,1959-06-09,1960-09-20,2023-02-19T01:07:13Z
Q2672080,2003-06-10,2011-06-07,2023-02-19T01:07:23Z
Q2672288,1991-06-11,2007-06-12,2023-02-19T01:07:33Z
Q2675186,2006-10-31,2007-06-12,2023-02-26T04:24:15Z
Q2676679,1923-09-18,1929-09-17,2023-02-02T18:28:59Z
Q2677501,1904-09-21,1913-10-09,2023-02-24T19:37:31Z
Q2677795,1999-06-08,2003-06-10,2023-02-24T21:18:58Z
Q2678772,1956-11-06,1958-03-01,2023-02-19T01:08:13Z
Q2680679,1991-06-11,2015-06-09,2023-01-05T09:51:52Z
Q2682088,2018-04-03,2019-06-11,2023-02-20T18:49:11Z
Q2683414,2011-06-07,2015-06-09,2022-12-01T19:38:09Z
Q2684102,1849-02-14,1850-08-20,2022-11-25T15:48:10Z
Q2684102,1850-10-07,1851-04-11,2022-11-25T15:48:10Z
Q2684102,1851-06-10,1856-04-29,2022-11-25T15:48:10Z
Q2684102,1856-09-15,1861-04-29,2022-11-25T15:48:10Z
Q2684102,1861-05-22,1866-04-29,2022-11-25T15:48:10Z
Q2684102,1866-06-05,1871-04-20,2022-11-25T15:48:10Z
Q2684102,1871-06-05,1875-01-18,2022-11-25T15:48:10Z
Q2684477,2003-06-10,2007-06-12,2023-02-06T21:14:47Z
Q2684489,1963-06-05,1971-05-10,2023-02-19T01:08:53Z
Q2685518,1840-10-20,1849-02-13,2023-02-25T02:36:49Z
Q2686874,1933-01-25,1947-03-09,2023-02-02T18:29:52Z
Q2687043,1884-11-17,1887-08-17,2023-01-29T05:10:27Z
Q2687043,1887-09-19,1888-03-27,2023-01-29T05:10:27Z
Q2687043,1901-01-31,1904-01-26,2023-01-29T05:10:27Z
Q2687097,1996-09-03,1999-06-08,2023-02-19T01:09:23Z
Q2688990,1991-06-11,1999-06-08,2023-02-19T01:09:53Z
Q2690561,1821-07-03,1830-10-20,2022-11-25T15:48:09Z
Q2694990,1896-09-15,1901-08-01,2023-02-19T01:10:13Z
Q2695190,1914-10-13,1916-09-19,2023-02-02T18:31:06Z
Q2696680,1894-05-16,1895-06-19,2022-12-05T03:18:08Z
Q2696680,1895-07-11,1904-07-23,2022-12-05T03:18:08Z
Q2696680,1904-09-20,1914-04-11,2022-12-05T03:18:08Z
Q2697618,2007-06-12,2019-06-11,2023-02-05T12:10:07Z
Q2698182,1946-07-23,1952-07-15,2023-02-19T01:10:23Z
Q2700802,1815-09-21,1818-05-07,2023-02-02T19:51:31Z
Q2701098,1893-09-19,1904-07-23,2022-05-06T13:47:46Z
Q2702532,1850-10-07,1851-04-08,2022-09-16T18:21:12Z
Q2702532,1851-04-24,1853-06-01,2022-09-16T18:21:12Z
Q2703106,1975-09-09,1977-09-19,2023-02-18T23:08:37Z
Q27042965,2016-09-13,2016-12-22,2023-02-19T12:15:47Z
Q2705430,2002-05-28,2003-06-10,2023-02-06T21:53:28Z
Q2706372,1888-05-01,1890-01-29,2023-02-02T18:33:00Z
Q2706539,1995-06-13,2007-06-12,2023-02-19T01:10:53Z
Q2707632,1881-07-11,1904-07-23,2023-02-02T18:33:00Z
Q2708037,1826-10-17,1830-10-18,2022-08-26T11:44:54Z
Q2709577,1969-09-16,1971-05-10,2023-02-19T01:11:23Z
Q2710718,1815-09-21,1823-04-06,2023-01-13T19:03:04Z
Q2712913,1995-06-13,1998-05-19,2023-02-19T01:11:33Z
Q2714270,1948-07-27,1948-08-11,2023-02-23T22:18:43Z
Q2721875,1981-06-10,1991-06-11,2022-12-21T19:34:07Z
Q2726223,1937-11-02,1945-09-14,2022-09-28T22:37:27Z
Q2726743,1999-06-08,2011-06-07,2023-02-19T01:12:43Z
Q2728813,1963-06-05,1976-09-01,2023-02-19T01:12:53Z
Q2728941,1816-07-16,1831-10-04,2022-12-11T07:59:42Z
Q2730576,2011-06-07,2018-03-28,2023-02-19T01:13:03Z
Q2734509,1995-06-13,2007-06-12,2023-02-19T01:13:33Z
Q2738325,2007-06-12,2009-06-09,2023-02-19T01:13:53Z
Q2741884,2011-06-07,2015-06-09,2022-12-01T06:41:51Z
Q2741884,2015-09-08,2015-12-29,2022-12-01T06:41:51Z
Q2741884,2017-03-28,2019-06-11,2022-12-01T06:41:51Z
Q2741937,2003-06-10,2007-06-12,2023-02-19T14:40:12Z
Q2742104,1999-06-08,2011-06-07,2023-02-19T01:14:33Z
Q2742860,2015-06-09,2019-06-11,2023-02-19T18:07:20Z
Q2744231,1960-09-20,1964-02-15,2023-02-02T18:30:03Z
Q2744237,1910-09-20,1913-03-15,2022-09-19T06:47:16Z
Q2745527,1849-02-13,1850-08-20,2023-01-12T08:35:05Z
Q2745585,1835-10-20,1849-02-13,2023-01-29T10:27:44Z
Q2746496,1945-12-18,1946-05-01,2023-02-18T23:44:29Z
Q2748598,1929-09-17,1942-03-13,2022-09-11T15:13:40Z
Q2752751,2003-06-10,2011-06-07,2023-02-19T01:15:33Z
Q2753041,1886-07-14,1887-08-17,2022-10-07T11:13:15Z
Q2753041,1887-09-19,1888-03-27,2022-10-07T11:13:15Z
Q2753041,1888-05-01,1897-11-30,2022-10-07T11:13:15Z
Q2753053,1818-07-05,1902-09-17,2022-10-15T01:14:37Z
Q2753053,1898-01-05,1902-09-17,2022-10-15T01:14:37Z
Q2753667,1948-07-27,1952-07-15,2022-08-15T10:54:15Z
Q27631315,1948-07-27,1955-09-22,2023-02-06T23:28:32Z
Q2763534,1884-04-17,1884-10-11,2022-07-24T12:16:41Z
Q27646655,1956-11-06,1963-06-05,2023-02-03T21:37:49Z
Q27651948,1849-02-13,1859-09-19,2022-09-11T23:54:48Z
Q27660943,2018-10-09,2019-01-24,2022-12-01T18:29:00Z
Q27660943,2019-01-29,2019-06-11,2022-12-01T18:29:00Z
Q2770742,1995-06-13,2011-06-07,2023-02-19T01:16:13Z
Q2773466,1840-10-20,1849-02-13,2022-05-05T16:29:15Z
Q2777683,1938-08-02,1946-07-23,2023-02-25T02:37:29Z
Q2778946,1839-10-22,1849-02-13,2023-02-27T05:43:15Z
Q2779553,1980-09-16,1987-10-01,2022-08-08T23:55:02Z
Q2780203,1987-06-23,1991-11-01,2023-02-19T01:17:03Z
Q2780973,1999-06-08,2007-06-12,2023-02-26T18:06:17Z
Q2781202,1956-11-06,1969-06-25,2023-02-19T01:17:33Z
Q2781892,1999-06-08,2003-06-10,2022-04-24T11:18:01Z
Q2781892,2007-06-12,2015-06-09,2022-04-24T11:18:01Z
Q2783937,2000-09-05,2011-06-07,2023-02-19T01:17:53Z
Q2784256,1963-06-05,1979-09-01,2023-02-19T01:18:03Z
Q2787424,1977-09-20,1994-01-01,2022-05-05T16:25:44Z
Q2787675,2003-06-10,2015-06-09,2023-01-04T18:34:32Z
Q2788070,1815-09-21,1817-04-29,2022-11-25T15:54:32Z
Q2789960,1926-09-21,1933-09-08,2023-01-14T11:23:50Z
Q279265,1980-09-16,1981-01-06,2023-02-18T19:50:07Z
Q2794169,1865-09-18,1881-09-19,2022-09-28T22:48:16Z
Q2795163,1917-08-28,1925-09-16,2022-12-09T14:01:58Z
Q27968571,2016-12-06,2019-06-11,2023-01-04T18:34:37Z
Q2798280,1999-06-08,2011-06-07,2023-02-19T01:19:13Z
Q2799432,1920-03-23,1920-09-06,2022-09-23T01:25:58Z
Q2799564,1935-09-10,1946-05-25,2023-02-02T18:31:58Z
Q2801440,2015-06-09,2017-03-23,2023-01-04T16:24:11Z
Q2806036,1884-11-18,1887-08-17,2022-12-27T07:29:49Z
Q2806036,1887-09-19,1888-03-27,2022-12-27T07:29:49Z
Q2806036,1888-05-01,1890-01-07,2022-12-27T07:29:49Z
Q2806181,1922-07-25,1932-09-20,2023-02-19T01:19:23Z
Q281640,1815-09-21,1825-02-15,2023-02-26T13:08:18Z
Q2830926,1987-06-23,1993-09-09,2023-02-19T01:19:53Z
Q2838970,1956-01-01,1962-01-01,2022-07-14T11:12:12Z
Q2838970,1956-01-01,1962-09-11,2022-07-14T11:12:12Z
Q2838970,1956-11-06,1962-01-01,2022-07-14T11:12:12Z
Q2838970,1956-11-06,1962-09-11,2022-07-14T11:12:12Z
Q2839579,1842-10-21,1849-02-13,2023-01-13T13:19:09Z
Q2843702,2007-06-12,2016-10-01,2022-11-30T21:58:14Z
Q2859807,1882-07-04,1884-10-11,2022-10-06T19:42:39Z
Q2859807,1884-11-17,1886-10-16,2022-10-06T19:42:39Z
Q2859807,1886-12-07,1887-08-17,2022-10-06T19:42:39Z
Q2859807,1887-09-19,1888-03-27,2022-10-06T19:42:39Z
Q2859807,1888-05-01,1893-11-24,2022-10-06T19:42:39Z
Q2870681,1969-09-16,1971-09-15,2022-05-05T18:01:02Z
Q2876197,2007-06-12,2019-06-11,2023-02-20T19:02:27Z
Q2882397,1981-06-10,1981-09-11,2023-02-25T11:57:26Z
Q2883318,1976-02-24,1980-09-16,2023-02-02T18:32:13Z
Q28860638,2018-10-16,2019-03-12,2023-02-19T12:41:58Z
Q28861903,2017-03-28,2019-06-11,2023-02-19T12:42:09Z
Q28862418,2019-06-11,2019-07-28,2023-02-20T19:04:46Z
Q28862422,2019-06-11,2022-03-31,2023-01-13T03:00:32Z
Q28862440,2019-06-11,2019-08-20,2022-11-30T19:42:21Z
Q28862461,2020-10-26,2020-11-30,2023-02-20T19:03:30Z
Q288771,1983-09-13,1986-06-04,2023-02-21T08:37:50Z
Q2905038,2003-06-10,2015-06-09,2022-09-30T21:30:10Z
Q2915348,2009-11-03,2011-06-07,2023-02-19T01:24:54Z
Q2916361,1983-09-13,2011-06-07,2023-02-19T01:25:14Z
Q2916448,2019-06-11,2020-01-29,2023-02-20T19:08:30Z
Q2923754,1986-06-03,1987-06-23,2023-02-25T02:35:32Z
Q2928372,1946-07-23,1949-06-01,2022-10-17T20:25:20Z
Q2970928,1945-11-20,1946-07-24,2023-02-19T02:00:33Z
Q2972819,1815-09-21,1830-10-18,2022-08-26T12:02:45Z
Q2973445,1937-06-08,1945-09-14,2022-10-01T13:29:09Z
Q3002533,1933-10-24,1937-06-08,2022-09-28T22:48:40Z
Q3007694,2015-06-09,2019-06-11,2023-02-20T19:11:06Z
Q3010256,1937-06-08,1945-08-16,2023-02-02T18:38:07Z
Q3016407,1983-09-13,1999-06-08,2023-02-19T02:02:13Z
Q3020771,1991-06-11,2003-06-10,2023-02-19T02:02:33Z
Q3025362,1977-03-29,1999-06-08,2023-02-19T02:02:43Z
Q302680,1999-06-08,2007-01-01,2023-02-18T19:56:37Z
Q303926,2003-06-10,2007-02-22,2023-02-20T11:49:51Z
Q304262,1995-06-13,2007-06-12,2023-02-18T19:56:57Z
Q3054787,2011-06-07,2018-09-20,2023-02-20T19:16:31Z
Q3057412,1818-02-27,1849-02-04,2022-08-15T06:03:31Z
Q3057862,2007-06-12,2019-06-11,2023-02-25T08:01:50Z
Q3060805,2011-06-07,2022-12-11,2023-02-20T19:16:46Z
Q3072062,2003-06-10,2007-06-12,2022-11-30T17:25:56Z
Q3085007,1820-11-06,1830-10-20,2022-11-04T05:40:19Z
Q3086771,2011-06-07,2015-06-09,2023-02-19T02:06:23Z
Q3088624,1908-03-27,1931-01-17,2022-10-17T20:25:14Z
Q3094678,1826-01-01,1830-01-01,2023-01-20T13:24:52Z
Q3094678,1826-01-01,1830-10-18,2023-01-20T13:24:52Z
Q3094678,1826-10-17,1830-01-01,2023-01-20T13:24:52Z
Q3094678,1826-10-17,1830-10-18,2023-01-20T13:24:52Z
Q3097890,1995-06-13,2003-06-10,2023-02-19T02:07:13Z
Q3147680,2011-06-07,2019-06-11,2023-02-20T19:21:53Z
Q3157516,1820-09-27,1823-08-03,2022-06-01T20:25:57Z
Q3171259,1987-06-23,1999-06-08,2022-05-06T10:26:07Z
Q3180242,1935-12-18,1937-06-08,2023-02-19T02:11:14Z
Q3187525,1960-04-12,1963-06-05,2023-02-02T18:42:38Z
Q3190314,1945-11-20,1946-07-23,2023-02-02T18:41:33Z
Q3191058,1977-09-20,1981-06-10,2023-02-19T02:12:04Z
Q3192292,1945-11-20,1948-07-27,2023-02-19T02:12:24Z
Q320014,1913-09-16,1917-06-27,2023-02-19T17:48:24Z
Q320014,1913-09-16,1920-09-22,2023-02-19T17:48:24Z
Q320014,1917-09-18,1920-09-22,2023-02-19T17:48:24Z
Q3200733,1911-09-19,1913-09-16,2022-10-07T01:08:36Z
Q3228280,1913-01-01,1922-01-01,2022-07-27T22:02:46Z
Q3228280,1913-01-01,1922-09-19,2022-07-27T22:02:46Z
Q3228280,1913-12-29,1922-01-01,2022-07-27T22:02:46Z
Q3228280,1913-12-29,1922-09-19,2022-07-27T22:02:46Z
Q3244835,1995-06-13,1999-06-08,2023-02-19T02:14:34Z
Q3248106,1966-09-20,1977-12-19,2022-12-21T19:37:19Z
Q3248106,1981-06-30,1983-09-13,2022-12-21T19:37:19Z
Q325090,1965-06-22,1999-06-08,2023-02-18T20:01:17Z
Q3250982,1863-06-16,1884-10-11,2022-11-25T15:51:26Z
Q3250982,1884-11-17,1887-08-17,2022-11-25T15:51:26Z
Q3250982,1887-09-19,1888-03-27,2022-11-25T15:51:26Z
Q3250982,1888-05-01,1890-11-01,2022-11-25T15:51:26Z
Q3259044,2015-06-09,2017-03-16,2023-02-19T02:15:34Z
Q3284182,1890-04-08,1904-07-23,2022-11-25T15:55:33Z
Q3287638,1937-09-21,1939-12-25,2023-02-02T18:42:24Z
Q3287909,1836-01-01,1848-01-01,2023-01-06T13:35:53Z
Q3287909,1836-01-01,1848-04-29,2023-01-06T13:35:53Z
Q3287909,1836-10-18,1848-01-01,2023-01-06T13:35:53Z
Q3287909,1836-10-18,1848-04-29,2023-01-06T13:35:53Z
Q3309029,1991-02-05,2003-06-10,2023-02-19T02:18:34Z
Q3323218,1815-09-21,1830-10-18,2022-10-14T14:38:15Z
Q3358759,2007-03-06,2007-06-12,2023-02-19T00:35:41Z
Q3393680,1840-05-21,1849-02-13,2023-02-19T02:23:44Z
Q3406504,2003-06-10,2004-09-28,2023-02-19T02:24:14Z
Q3439649,2011-06-07,2015-06-09,2023-02-19T02:25:54Z
Q345481,1971-05-11,1974-09-17,2023-02-05T21:28:14Z
Q3462638,1935-09-17,1946-06-04,2023-02-26T11:27:07Z
Q3469010,1841-01-26,1849-02-13,2022-09-27T21:39:17Z
Q3469514,1937-11-02,1937-11-10,2022-09-14T02:23:45Z
Q347781,2015-06-09,2021-09-24,2023-02-20T19:35:02Z
Q3479387,1852-10-29,1860-02-09,2023-01-15T16:21:49Z
Q3500518,1928-06-12,1937-06-08,2023-02-02T18:47:16Z
Q3500518,1938-10-19,1946-07-23,2023-02-02T18:47:16Z
Q3501388,1995-06-13,2003-06-10,2023-02-19T02:29:24Z
Q3504694,1922-07-25,1939-09-05,2023-02-19T02:29:54Z
Q358945,1817-02-19,1835-01-03,2023-02-18T20:13:08Z
Q376097,1929-09-17,1952-09-02,2022-05-08T13:59:40Z
Q380970,1963-06-25,1966-11-22,2023-02-22T01:15:20Z
Q381657,1995-06-13,1998-08-03,2023-02-18T20:18:38Z
Q3921443,1910-11-24,1913-09-16,2022-03-15T13:34:46Z
Q3921443,1915-04-13,1922-07-24,2022-03-15T13:34:46Z
Q3983698,1974-09-17,1980-11-12,2023-01-06T23:33:42Z
Q4209505,1948-07-27,1966-09-20,2022-05-06T10:27:21Z
Q42532175,2019-06-11,2020-10-26,2023-02-20T19:47:55Z
Q4280928,2007-06-12,2011-06-07,2023-02-19T02:56:46Z
Q4281234,1917-11-06,1922-06-24,2022-09-22T17:51:07Z
Q4281234,1917-11-06,1922-07-24,2022-09-22T17:51:07Z
Q4285477,1923-09-18,1937-06-08,2023-02-19T02:56:56Z
Q4294863,1959-10-27,1960-09-20,2023-01-14T11:52:01Z
Q4300004,2007-06-12,2019-06-11,2023-02-25T08:04:32Z
Q4317860,1901-09-17,1904-07-23,2022-11-25T16:07:32Z
Q4317860,1904-09-20,1910-11-03,2022-11-25T16:07:32Z
Q4353846,1995-06-13,1999-06-08,2023-02-19T02:58:06Z
Q4355604,1977-09-20,1983-09-13,2023-02-19T02:58:26Z
Q4357106,1995-06-13,1995-08-10,2023-02-18T23:42:59Z
Q4374847,1937-09-21,1949-10-21,2022-11-21T18:58:49Z
Q4378963,1862-09-16,1884-10-11,2022-04-09T22:36:47Z
Q4378963,1884-11-17,1887-08-17,2022-04-09T22:36:47Z
Q4378963,1887-09-19,1888-03-27,2022-04-09T22:36:47Z
Q4378963,1888-05-01,1892-04-10,2022-04-09T22:36:47Z
Q4394410,1987-06-23,1991-06-11,2023-02-19T02:59:16Z
Q4432211,2007-06-12,2011-06-07,2023-02-19T03:00:16Z
Q4503123,1995-06-13,2003-06-10,2023-02-19T03:01:16Z
Q4511991,1888-05-01,1904-07-23,2022-11-25T16:09:40Z
Q4511991,1888-05-02,1904-07-23,2022-11-25T16:09:40Z
Q455276,2011-06-07,2019-06-11,2023-02-18T20:43:10Z
Q4557117,1924-05-06,1928-04-20,2022-10-05T01:55:16Z
Q457706,1981-06-10,1982-11-04,2023-02-20T19:54:31Z
Q457706,1991-06-11,2001-10-02,2023-02-20T19:54:31Z
Q459504,2011-06-07,2015-06-09,2023-02-20T11:48:04Z
Q4651376,1973-01-16,1977-09-20,2023-02-02T18:55:08Z
Q466569,2007-06-12,2010-10-14,2023-02-19T08:26:53Z
Q4688115,1971-05-11,1987-06-23,2023-02-19T03:03:46Z
Q4722049,1960-09-20,1971-05-10,2022-05-05T16:46:20Z
Q472249,1971-05-11,1971-07-06,2023-02-18T20:47:30Z
Q4733414,1888-05-01,1893-09-19,2022-10-08T15:04:25Z
Q4759045,1971-05-25,1978-12-01,2023-02-19T03:06:46Z
Q4790345,1977-09-20,1977-12-19,2022-12-21T19:38:00Z
Q4790345,1981-08-25,1982-06-16,2022-12-21T19:38:00Z
Q4817828,1981-06-10,1983-09-13,2022-05-06T08:58:51Z
Q4916408,1910-12-27,1911-04-19,2022-09-30T21:27:33Z
Q510545,2011-06-07,2018-02-09,2023-02-18T20:51:40Z
Q5110017,1901-08-27,1904-07-23,2023-02-24T08:01:27Z
Q5110017,1901-09-17,1904-07-23,2023-02-24T08:01:27Z
Q5110017,1904-09-20,1915-02-27,2023-02-24T08:01:27Z
Q5124472,2011-06-07,2019-06-11,2023-02-19T03:21:47Z
Q515563,1947-10-22,1951-01-01,2022-12-15T14:49:41Z
Q5218168,1817-12-18,1821-11-25,2022-09-11T11:00:37Z
Q521958,1970-03-03,1975-08-18,2023-02-24T18:40:03Z
Q5224175,1948-04-14,1948-07-27,2022-10-01T01:47:53Z
Q5224175,1949-03-30,1951-09-18,2022-10-01T01:47:53Z
Q5265730,1815-01-01,1827-01-01,2022-09-11T18:43:37Z
Q5265730,1815-01-01,1827-12-29,2022-09-11T18:43:37Z
Q5265730,1815-09-21,1827-01-01,2022-09-11T18:43:37Z
Q5265730,1815-09-21,1827-12-29,2022-09-11T18:43:37Z
Q5308880,1876-09-19,1877-09-16,2023-02-02T19:14:57Z
Q5308880,1880-09-20,1884-10-11,2023-02-02T19:14:57Z
Q5308880,1884-11-17,1887-08-17,2023-02-02T19:14:57Z
Q5308880,1887-09-19,1888-03-27,2023-02-02T19:14:57Z
Q5308880,1888-05-01,1889-08-31,2023-02-02T19:14:57Z
Q5341418,1967-03-07,1969-11-14,2022-11-30T20:49:28Z
Q5364345,2003-06-10,2015-06-09,2022-12-01T07:43:18Z
Q5373923,1963-06-05,1969-09-16,2023-02-19T03:31:37Z
Q5390085,1980-09-16,1995-06-13,2023-02-19T03:32:17Z
Q5466641,1890-11-27,1904-07-23,2022-04-09T21:45:37Z
Q5466641,1904-09-20,1913-09-16,2022-04-09T21:45:37Z
Q547261,2003-06-10,2011-06-07,2023-02-18T21:00:21Z
Q558988,1904-04-19,1904-07-23,2022-09-07T02:10:52Z
Q5600082,2007-06-12,2011-06-07,2023-02-19T03:39:38Z
Q560539,1892-06-15,1894-02-01,2022-06-21T19:03:16Z
Q56596736,2018-09-11,2020-10-16,2023-02-20T20:28:55Z
Q5670651,1828-10-21,1830-01-26,2022-06-20T22:36:58Z
Q572209,1999-06-08,2015-06-09,2023-02-18T21:06:31Z
Q5727733,1923-09-18,1932-09-20,2023-02-25T03:49:04Z
Q574232,1945-11-20,1948-02-24,2023-01-02T21:26:39Z
Q577562,1977-10-18,1980-09-16,2023-02-18T21:07:51Z
Q5883253,1880-09-21,1884-10-11,2023-02-02T19:26:34Z
Q5883253,1884-11-17,1887-08-17,2023-02-02T19:26:34Z
Q5883253,1887-09-19,1888-03-27,2023-02-02T19:26:34Z
Q5883253,1888-05-01,1899-10-16,2023-02-02T19:26:34Z
Q592540,1888-05-01,1893-09-19,2023-02-18T21:09:31Z
Q607189,1999-06-08,2007-06-02,2023-02-18T21:11:41Z
Q607189,1999-06-08,2007-06-12,2023-02-18T21:11:41Z
Q611595,1850-10-07,1873-09-19,2022-03-14T20:58:56Z
Q611595,1873-11-22,1884-10-11,2022-03-14T20:58:56Z
Q611595,1884-11-17,1887-08-17,2022-03-14T20:58:56Z
Q611595,1887-09-19,1888-03-27,2022-03-14T20:58:56Z
Q611595,1888-05-01,1894-06-07,2022-03-14T20:58:56Z
Q619465,1815-09-21,1822-10-20,2023-01-13T20:00:21Z
Q634025,1951-09-18,1963-06-05,2023-02-18T21:13:21Z
Q64590194,2019-06-11,2021-03-31,2023-02-20T21:00:22Z
Q64590304,2019-06-11,2020-02-09,2023-02-19T16:38:50Z
Q64590304,2019-06-11,2020-02-11,2023-02-19T16:38:50Z
Q64604936,2019-06-11,2020-11-29,2023-02-04T00:40:36Z
Q64667220,2019-06-11,2020-12-14,2023-02-04T01:01:57Z
Q64667224,2019-06-11,2020-11-30,2023-02-20T20:59:52Z
Q64711678,2019-06-11,2022-01-10,2023-02-19T16:39:09Z
Q648946,1918-11-19,1946-07-23,2023-01-13T09:12:44Z
Q649344,1999-06-08,2007-06-12,2023-02-18T21:14:51Z
Q649721,1880-09-21,1884-10-11,2022-03-14T21:04:03Z
Q649721,1884-11-17,1887-08-17,2022-03-14T21:04:03Z
Q649721,1887-09-19,1902-03-03,2022-03-14T21:04:03Z
Q67210071,2019-09-10,2019-11-13,2022-12-01T06:59:07Z
Q675945,1956-11-06,1968-02-16,2023-02-18T21:17:12Z
Q6794520,2017-10-31,2018-02-14,2023-02-20T21:09:21Z
Q6794520,2018-03-20,2018-07-04,2023-02-20T21:09:21Z
Q6794520,2018-10-16,2019-06-11,2023-02-20T21:09:21Z
Q682310,1836-12-01,1849-02-13,2023-02-20T10:47:48Z
Q68593720,1923-01-01,1927-01-01,2022-09-24T17:35:06Z
Q686476,1914-09-15,1920-11-10,2023-01-09T12:58:48Z
Q686476,1926-09-23,1929-08-21,2023-01-09T12:58:48Z
Q686476,1939-10-31,1944-09-18,2023-01-09T12:58:48Z
Q704888,2007-06-12,2015-06-09,2023-02-09T14:29:42Z
Q704888,2018-06-26,2019-06-11,2023-02-09T14:29:42Z
Q7192780,1956-11-06,1969-09-16,2023-01-09T21:32:15Z
Q731818,1894-05-16,1902-09-17,2022-08-15T22:10:50Z
Q7357597,1929-09-17,1935-09-17,2023-02-26T11:47:44Z
Q7357597,1937-06-09,1951-06-01,2023-02-26T11:47:44Z
Q736610,1888-05-01,1890-11-04,2022-12-25T15:37:35Z
Q743462,1980-09-16,1999-06-08,2023-02-18T21:25:02Z
Q7509790,1991-06-11,2001-06-12,2023-02-19T04:28:10Z
Q762030,2011-06-07,2012-10-23,2023-02-20T21:22:00Z
Q768372,1929-09-17,1935-09-17,2023-02-18T21:27:52Z
Q770198,1920-10-07,1924-12-19,2022-12-31T12:10:09Z
Q773635,1960-09-27,1963-06-05,2022-12-05T01:40:19Z
Q78112,2007-06-12,2011-06-07,2022-12-01T21:44:05Z
Q781813,1963-06-25,1966-11-22,2023-01-03T09:58:20Z
Q782483,1999-06-08,1999-10-01,2023-02-21T08:38:42Z
Q8062513,1999-06-08,2009-11-01,2023-02-19T04:42:01Z
Q821805,1846-03-20,1847-10-18,2023-02-20T10:59:22Z
Q821805,1860-06-01,1872-12-12,2023-02-20T10:59:22Z
Q9374936,1987-06-23,1995-06-13,2023-02-18T23:26:28Z
Q94098772,1888-05-01,1896-01-22,2022-10-08T23:00:04Z
Q941452,2014-07-08,2015-06-09,2023-02-18T21:18:42Z
Q952623,2003-06-10,2007-02-22,2023-02-20T11:49:27Z
Q955039,1948-01-01,1949-01-01,2023-02-26T10:55:43Z
Q956390,2019-06-11,2020-12-08,2023-01-02T22:00:01Z
Q968297,1910-05-18,1917-09-11,2023-02-02T18:16:59Z
Q973418,1971-05-11,1977-03-29,2023-02-18T21:45:53Z
Q981540,1842-07-01,1845-04-12,2022-09-04T03:34:12Z
Q983342,1910-09-21,1913-08-29,2022-08-02T10:51:39Z
Q58115,1999-06-08,2010-10-14,2023-02-19T08:25:50Z
